Title,Image,Price,Discount,Special Price,Link,Rating
"WHISPER 80684881 BINDAZZZ NIGHTS PERIOD PANTY , 6 M-L PADS, 360 DEGREE LEAKAGE PROTECTION FOR HEAVY FLOW, UPTO 0% LEAKS, FULL BACK COVERAGE, PANTY LIKE FLEX FIT, SOFT & COMFORTABLE","=HYPERLINK(""https://m.media-amazon.com/images/I/519hlUH241L._SL160_.jpg"",""Image"")",₹399,50%,₹199,"= HYPERLINK(""https://dealsheaven.in/deal/whisper-80684881-bindazzz-nights-period-panty-6-m-l-pads-360-degree-leakage-protection-for-heavy-flow-upto-0-leaks-full-back-coverage-panty-like-flex-fit-soft-comfortable"",""Link"")",1.0
Amazon Brand - Solimo Stainless Steel Fridge Water Bottle | 1000 ml | Textured Black Finish (Set of 2),"=HYPERLINK(""https://m.media-amazon.com/images/I/51Z3xFSokXL._SL160_.jpg"",""Image"")",₹999,70%,₹297,"= HYPERLINK(""https://dealsheaven.in/deal/amazon-brand-solimo-stainless-steel-fridge-water-bottle-1000-ml-textured-black-finish-set-of-2"",""Link"")",0.0
Red Tape Women's Black Walking Shoes-5,"=HYPERLINK(""https://m.media-amazon.com/images/I/41tnDbPYGBL._SL160_.jpg"",""Image"")",₹5199,80%,₹1040,"= HYPERLINK(""https://dealsheaven.in/deal/red-tape-womens-black-walking-shoes-5"",""Link"")",0.0
Karachi Bakery Besan Ladoo 200G,"=HYPERLINK(""https://m.media-amazon.com/images/I/71RWgIVcWfL._SL1500_.jpg"",""Image"")",₹150,46%,₹80,"= HYPERLINK(""https://dealsheaven.in/deal/karachi-bakery-besan-ladoo-200g"",""Link"")",0.0
"Carlton London Women's Slingback Heeled Sandal, BROWN, 5 UK","=HYPERLINK(""https://m.media-amazon.com/images/I/41uGNb8iq0L._SL160_.jpg"",""Image"")",₹2495,71%,₹710,"= HYPERLINK(""https://dealsheaven.in/deal/carlton-london-womens-slingback-heeled-sandal-brown-5-uk"",""Link"")",0.0
Doctor Walk Everyday Basic Sneakers for Women | Shoes for Women | Comfortable & Lightweight | Casual Sneakers_Shoes_A2_Purple_06,"=HYPERLINK(""https://m.media-amazon.com/images/I/51Lb5qooXoL._SL160_.jpg"",""Image"")",₹999,70%,₹299,"= HYPERLINK(""https://dealsheaven.in/deal/doctor-walk-everyday-basic-sneakers-for-women-shoes-for-women-comfortable-lightweight-casual-sneakers-shoes-a2-purple-06"",""Link"")",0.0
Macroman M-Series Men's Regular fit Undershirt (MS302_Navy Blue M),"=HYPERLINK(""https://m.media-amazon.com/images/I/31e1nig5MzL._SL160_.jpg"",""Image"")",₹359,58%,₹148,"= HYPERLINK(""https://dealsheaven.in/deal/macroman-m-series-mens-regular-fit-undershirt-ms302-navy-blue-m"",""Link"")",0.0
"Amazon Basics 64 GB Flash Drive | USB 2.0 E Series | Temperature, Shock and Vibration Resistant | Plastic Body Finish","=HYPERLINK(""https://m.media-amazon.com/images/I/313e6j9fcKL._SL160_.jpg"",""Image"")",₹799,61%,₹309,"= HYPERLINK(""https://dealsheaven.in/deal/amazon-basics-64-gb-flash-drive-usb-20-e-series-temperature-shock-and-vibration-resistant-plastic-body-finish"",""Link"")",0.0
"amazon basics True Wireless in-Ear Earbuds with Mic, up to 50 ms Low-Latency Gaming Mode, Touch Control, IPX5, Bluetooth 5.3, up to 50 Hours of Play Time, Voice Assistance and Fast Charging (Black)","=HYPERLINK(""https://m.media-amazon.com/images/I/31Fg73-RPkL._SL160_.jpg"",""Image"")",₹2549,78%,₹549,"= HYPERLINK(""https://dealsheaven.in/deal/amazon-basics-true-wireless-in-ear-earbuds-with-mic-up-to-50-ms-low-latency-gaming-mode-touch-control-ipx5-bluetooth-53-up-to-50-hours-of-play-time-voice-assistance-and-fast-charging-black"",""Link"")",0.0
N/A,"=HYPERLINK(""N/A"",""Image"")",N/A,N/A,N/A,"= HYPERLINK(""N/A"",""Link"")",N/A
"JUARI BE A GENTLEMAN Men's Poly Viscose Ankle Socks - Comfortable, Durable & Stylish Design for Everyday Wear in Black, White, and Grey Colors with Contrasting Stripes (PACK OF 3)","=HYPERLINK(""https://m.media-amazon.com/images/I/41fej3RSfBL._SL160_.jpg"",""Image"")",₹998,90%,₹99,"= HYPERLINK(""https://dealsheaven.in/deal/juari-be-a-gentleman-mens-poly-viscose-ankle-socks-comfortable-durable-stylish-design-for-everyday-wear-in-black-white-and-grey-colors-with-contrasting-stripes-pack-of-3"",""Link"")",0.0
"COLOMBIAN BREW COFFEE Pure Instant Coffee Powder, Strong 100 Grams, Box","=HYPERLINK(""https://m.media-amazon.com/images/I/41232I20vyL._SL160_.jpg"",""Image"")",₹349,54%,₹159,"= HYPERLINK(""https://dealsheaven.in/deal/colombian-brew-coffee-pure-instant-coffee-powder-strong-100-grams-box"",""Link"")",0.0
"Vedaka Extra Strong Tea | 1.5 Kg | Kadak Chai | Bold & Aromatic | Pack Of 3, Each 500 g","=HYPERLINK(""https://m.media-amazon.com/images/I/416lZzZAteL._SL160_.jpg"",""Image"")",₹525,39%,₹319,"= HYPERLINK(""https://dealsheaven.in/deal/amazon-brand-vedaka-extra-strong-black-tea-15-kg-pack-of-3-each-500-gm-kadak-chai-bold-aromatic"",""Link"")",0.0
"Huggies Complete Comfort Wonder Pants, Large (L), 42 Count (Pack of 2) Baby Diaper Pants, with 5 in 1 Comfort","=HYPERLINK(""https://m.media-amazon.com/images/I/51jfOkQdGaL._SL160_.jpg"",""Image"")",₹1698,51%,₹824,"= HYPERLINK(""https://dealsheaven.in/deal/huggies-wonder-pants-large-l-size-baby-diaper-pants-9-14-kg-combo-pack-of-2-42-count-per-pack-84-count-with-bubble-bed-technology-for-comfort"",""Link"")",0.0
"Huggies Complete Comfort Wonder Pants, India's Fastest Absorbing Diaper, Patented Dry Xpert Channel | Pant Style Diapers New Born / XS Size (Up to 5 Kgs), Pack of 90 Diapers","=HYPERLINK(""https://m.media-amazon.com/images/I/51SFkUt2BsL._SL160_.jpg"",""Image"")",₹1249,52%,₹595,"= HYPERLINK(""https://dealsheaven.in/deal/huggies-wonder-pants-extra-small-new-born-xs-nb-size-diaper-pants-90-count-with-bubble-bed-technology-for-comfort-for-kids"",""Link"")",0.0
"Nyle Naturals Damage Repair Shampoo 1 L | Hair Repairing Shampoo with Papaya, Hibiscus, & Shikakai | pH Balanced & Paraben Free Gentle & Soft Shampoo For Women & Men","=HYPERLINK(""https://m.media-amazon.com/images/I/41v2qYX+mBL._SL160_.jpg"",""Image"")",₹750,53%,₹346,"= HYPERLINK(""https://dealsheaven.in/deal/nyle-naturals-anti-dandruff-2-in1-shampoo-with-active-conditioner-with-onion-and-methi-gentle-and-soft-shampoo-ph-balanced-and-paraben-free-1l"",""Link"")",2.5
Man-Up Hair Volumizing Powder Wax For Men 10gm | Strong Hold With Matte Finish Hair Styling | All Natural & Zero Toxin Hair Styling Powder | Vegan & Cruelty Free,"=HYPERLINK(""https://m.media-amazon.com/images/I/317xg5ra9rL._SL160_.jpg"",""Image"")",₹399,67%,₹129,"= HYPERLINK(""https://dealsheaven.in/deal/man-up-hair-volumizing-powder-wax-for-men-10gm-strong-hold-with-matte-finish-hair-styling-all-natural-zero-toxin-hair-styling-powder-vegan-cruelty-free"",""Link"")",0.0
Revlon Touch and Glow Advanced Fairness Cream (75g),"=HYPERLINK(""https://dealsheaven.in/images/uploaded/deals/thumb/1503390279_4140wIsSOyL.jpg.jpg"",""Image"")",₹260,66%,₹87,"= HYPERLINK(""https://dealsheaven.in/deal/revlon-touch-and-glow-advanced-fairness-cream-75g"",""Link"")",4.5
Biotique Face Glo Advance Brightening Fruit Cream | Visibly Flawless Skin | Lightens Skin Tone | 100% Botanical Extracts | Suitable for All Skin Types | 50g,"=HYPERLINK(""https://m.media-amazon.com/images/I/413XRe7Ce+L._SL160_.jpg"",""Image"")",₹115,40%,₹69,"= HYPERLINK(""https://dealsheaven.in/deal/biotique-bio-white-advanced-fairness-treatment-cream-50g"",""Link"")",0.0
Sunsilk Argan Oil & Rosemary Frizz Smooth Oil Blends Shampoo | for Frizzy Hair | with No Added Parabens | 700 ML,"=HYPERLINK(""https://m.media-amazon.com/images/I/31MaxgztY8L._SL160_.jpg"",""Image"")",₹900,51%,₹441,"= HYPERLINK(""https://dealsheaven.in/deal/sunsilk-argan-oil-rosemary-frizz-smooth-oil-blends-shampoo-for-frizzy-hair-with-no-added-parabens-700-ml"",""Link"")",0.0
N/A,"=HYPERLINK(""N/A"",""Image"")",N/A,N/A,N/A,"= HYPERLINK(""N/A"",""Link"")",N/A
POND'S Bright Beauty Vit C+E+A Gel Face Wash 100ml,"=HYPERLINK(""https://m.media-amazon.com/images/I/418egK7bg5L._SL160_.jpg"",""Image"")",₹225,41%,₹131,"= HYPERLINK(""https://dealsheaven.in/deal/ponds-bright-beauty-vit-cea-gel-face-wash-100ml"",""Link"")",0.0
Lakme Glycolic Illuminate Facewash with Glycolic Acid | Glycolic Acid Face Wash for Exfoliating Dull Skin | Gentle Cleanser for Glowing Skin 100gm,"=HYPERLINK(""https://m.media-amazon.com/images/I/316iTxAmkML._SL160_.jpg"",""Image"")",₹329,40%,₹197,"= HYPERLINK(""https://dealsheaven.in/deal/lakme-glycolic-illuminate-facewash-with-glycolic-acid-glycolic-acid-face-wash-for-exfoliating-dull-skin-gentle-cleanser-for-glowing-skin-100gm"",""Link"")",0.0
Revlon ColorSilk Permanent Hair Color for Women Brown Black | Keratin Enriched | Natural Looking Long Lasting Color with 3D Color Gel technology | 100% Grey Coverage in 5 Minutes | Ammonia Free,"=HYPERLINK(""https://m.media-amazon.com/images/I/41zHtpdYkTL._SL160_.jpg"",""Image"")",₹449,49%,₹228,"= HYPERLINK(""https://dealsheaven.in/deal/apply-coupon-revlon-colorsilk-beautiful-color-permanent-hair-color-with-keratin-40ml-40ml-118ml-brown-black-2n-pack-of-1"",""Link"")",0.0
"PoodleMart Dog Training Pads - Leak-Proof, Absorbent, Odor Control, Quick-Dry, Puppy Pee & Potty Pads Ultra Absorbent Pee Pads Leak Proof & Quick-Dry (10, 60x90)","=HYPERLINK(""https://m.media-amazon.com/images/I/51lLtBIatvL._SL160_.jpg"",""Image"")",₹318,50%,₹159,"= HYPERLINK(""https://dealsheaven.in/deal/apply-coupon-poodlemart-dog-training-pads-leak-proof-absorbent-odor-control-quick-dry-puppy-pee-potty-pads-ultra-absorbent-pee-pads-leak-proof-quick-dry-10-60x90"",""Link"")",0.0
Park Avenue Regal NO GAS Premium Perfume For Men Long Lasting Fragrance 130ml,"=HYPERLINK(""https://m.media-amazon.com/images/I/41OvBGTqr7L._SL160_.jpg"",""Image"")",₹280,46%,₹149,"= HYPERLINK(""https://dealsheaven.in/deal/park-avenue-regal-premium-perfume-for-men-150ml"",""Link"")",5.0
"Amazon Brand - Solimo Satin Silk Solid Pillow Cover (Brownstone, 2 Piece), 68x43 Cm, 150 TC","=HYPERLINK(""https://m.media-amazon.com/images/I/31RVCmOlMOL._SL160_.jpg"",""Image"")",₹499,56%,₹219,"= HYPERLINK(""https://dealsheaven.in/deal/amazon-brand-solimo-satin-silk-solid-pillow-cover-brownstone-2-piece-68x43-cm-150-tc"",""Link"")",0.0
SCOOBA Giraffe Animal Soft Toy 30cm Height Single Piece,"=HYPERLINK(""https://m.media-amazon.com/images/I/313AKi9nejL._SL160_.jpg"",""Image"")",₹1999,81%,₹379,"= HYPERLINK(""https://dealsheaven.in/deal/scooba-giraffe-animal-soft-toy-30cm-height-single-piece"",""Link"")",0.0
Pepe Jeans Men's Slim Jeans (PM207457W453_Tinted Black_Grey,"=HYPERLINK(""https://m.media-amazon.com/images/I/31i2rQOMDrL._SL160_.jpg"",""Image"")",₹4599,71%,₹1319,"= HYPERLINK(""https://dealsheaven.in/deal/pepe-jeans-mens-slim-jeans-pm207457w453-tinted-black-grey"",""Link"")",0.0
"Homerz Set of 2 Gusset Pillow, 3D Conjugated Fiber Filled, Adequate Firmness and Support, 17 X 27 Inch Size, Conjugated Microfiber, White (Goldstar- Pack of 2)","=HYPERLINK(""https://m.media-amazon.com/images/I/41mirmGukjL._SL160_.jpg"",""Image"")",₹1999,60%,₹799,"= HYPERLINK(""https://dealsheaven.in/deal/homerz-set-of-2-gusset-pillow-3d-conjugated-fiber-filled-adequate-firmness-and-support-17-x-27-inch-size-conjugated-microfiber-white-goldstar-pack-of-2"",""Link"")",0.0
Cello H2O Glass Fridge Water Bottle with Plastic Cap | Leak Proof & Break-Proof | Wide Mouth & Easy to Clean | Best Usage for Office/School/College | 920ml | Red,"=HYPERLINK(""https://m.media-amazon.com/images/I/31AM0t+O4+L._SL160_.jpg"",""Image"")",₹249,44%,₹139,"= HYPERLINK(""https://dealsheaven.in/deal/cello-h2o-glass-fridge-water-bottle-with-plastic-cap-leak-proof-break-proof-wide-mouth-easy-to-clean-best-usage-for-officeschoolcollege-920ml-red"",""Link"")",0.0
N/A,"=HYPERLINK(""N/A"",""Image"")",N/A,N/A,N/A,"= HYPERLINK(""N/A"",""Link"")",N/A
Puma mens Dryflex Peacoat-Puma White Walking Shoe- 8 UK (37542901 ),"=HYPERLINK(""https://m.media-amazon.com/images/I/31Ur-jSEdKL._SL160_.jpg"",""Image"")",₹3499,60%,₹1399,"= HYPERLINK(""https://dealsheaven.in/deal/puma-mens-dryflex-peacoat-puma-white-walking-shoe-8-uk-37542901"",""Link"")",0.0
Green Soul Zodiac Lite | Office Chair | Flybird Ergonomic Design | 1D Adjustable Armrests | Synchro Tilt Lock Mechanism | Adjustable Lumbar Support |Mesh Fabric | No Seat Slider | Black,"=HYPERLINK(""https://m.media-amazon.com/images/I/41DPkTdjJvL._SL160_.jpg"",""Image"")",₹29990,80%,₹5999,"= HYPERLINK(""https://dealsheaven.in/deal/green-soul-zodiac-lite-office-chair-flybird-ergonomic-design-1d-adjustable-armrests-synchro-tilt-lock-mechanism-adjustable-lumbar-support-mesh-fabric-no-seat-slider-black"",""Link"")",0.0
"RR Signature Zello Plus 15L Storage Water Heater for Home|Geyser with Glass Line Tank|8 Bar, Suitable of High Rise Buildings |2 Yr Warranty on Product & 6 Yr on Tank by RR | Free Installation & Pipes","=HYPERLINK(""https://m.media-amazon.com/images/I/31hCTtyYlsL._SL160_.jpg"",""Image"")",₹14500,59%,₹5841,"= HYPERLINK(""https://dealsheaven.in/deal/rr-signature-zello-plus-15l-storage-water-heater-for-homegeyser-with-glass-line-tank8-bar-suitable-of-high-rise-buildings-2-yr-warranty-on-product-6-yr-on-tank-by-rr-free-installation-pipes"",""Link"")",0.0
Orient Electric Enamour Classic Pro| 25L Storage Water Heater| High Pressure Epoxy Coated Tank |5 Star rated |8 bar pressure compatibility |Suitable for high rise buildings |5 years tank warranty,"=HYPERLINK(""https://m.media-amazon.com/images/I/317mQ9omEbL._SL160_.jpg"",""Image"")",₹16490,60%,₹6499,"= HYPERLINK(""https://dealsheaven.in/deal/orient-electric-enamour-classic-pro-25l-storage-water-heater-high-pressure-epoxy-coated-tank-5-star-rated-8-bar-pressure-compatibility-suitable-for-high-rise-buildings-5-years-tank-warranty"",""Link"")",0.0
Clovia Women's Snug Fit High-Rise Active Tights (AB0100P22_Pink_M),"=HYPERLINK(""https://m.media-amazon.com/images/I/41uCqj5bdXL._SL160_.jpg"",""Image"")",₹1299,71%,₹366,"= HYPERLINK(""https://dealsheaven.in/deal/clovia-womens-snug-fit-high-rise-active-tights-ab0100p22-pink-m"",""Link"")",0.0
Lify Fabric Shoe Bags (Set of 6) (Transparent & Black),"=HYPERLINK(""https://m.media-amazon.com/images/I/41F4XLkA9fL._SL160_.jpg"",""Image"")",₹349,57%,₹148,"= HYPERLINK(""https://dealsheaven.in/deal/lify-fabric-shoe-bags-set-of-6-transparent-black"",""Link"")",0.0
ALISBA Women's Round Neck Cotton Tracksuits(TS_1004_BLACK_XL),"=HYPERLINK(""https://m.media-amazon.com/images/I/31DMZQqRccL._SL160_.jpg"",""Image"")",₹2499,72%,₹699,"= HYPERLINK(""https://dealsheaven.in/deal/alisba-womens-round-neck-cotton-tracksuitsts-1004-black-xl"",""Link"")",0.0
"Vruta 6 Pcs Kitchen Knife Set with Covers, High Carbon Stainless Steel Black Colour Coated Chef Knife I Utility Knife I Sontuku Knife I Bread Knife I Utility Knife (Black)","=HYPERLINK(""https://m.media-amazon.com/images/I/41teEzs9-kL._SL160_.jpg"",""Image"")",₹999,70%,₹299,"= HYPERLINK(""https://dealsheaven.in/deal/vruta-6-pcs-kitchen-knife-set-with-covers-high-carbon-stainless-steel-black-colour-coated-chef-knife-i-utility-knife-i-sontuku-knife-i-bread-knife-i-utility-knife-black"",""Link"")",0.0
Clovia Women's Activewear Ankle Length Tights (AB0048P05_Grey_M),"=HYPERLINK(""https://m.media-amazon.com/images/I/41K-sA-9UFL._SL160_.jpg"",""Image"")",₹1299,70%,₹381,"= HYPERLINK(""https://dealsheaven.in/deal/clovia-womens-activewear-ankle-length-tights-ab0048p05-grey-m"",""Link"")",0.0
"WishCare® 100% Pure & Natural Rose Water - For Skin, Face & Hair - Steam Distilled - Kannauj Gulab Jal - Spray Skin Toner - Free From Paraben, Alcohol & Chemicals - 50 ml","=HYPERLINK(""https://m.media-amazon.com/images/I/31MLofN2LBL._SL160_.jpg"",""Image"")",₹199,48%,₹102,"= HYPERLINK(""https://dealsheaven.in/deal/wishcare-100-pure-natural-rose-water-for-skin-face-hair-steam-distilled-kannauj-gulab-jal-spray-skin-toner-free-from-paraben-alcohol-chemicals-50-ml"",""Link"")",0.0
POND'S Bright Beauty 12% Vit C+E+A Serum 14ml,"=HYPERLINK(""https://m.media-amazon.com/images/I/41N1wtouEvL._SL160_.jpg"",""Image"")",₹299,36%,₹191,"= HYPERLINK(""https://dealsheaven.in/deal/ponds-bright-beauty-12-vit-cea-serum-14ml"",""Link"")",0.0
"amazon basics Leather Wallet | Classic Style & Functional Design | Premium Leather Craftsmanship | 6 Card Slots, 2 Cash Compartments, 2 Secret Slots, Coin Pocket","=HYPERLINK(""https://m.media-amazon.com/images/I/41i+uiNCYuL._SL160_.jpg"",""Image"")",₹1499,80%,₹289,"= HYPERLINK(""https://dealsheaven.in/deal/amazon-basics-leather-wallet-classic-style-functional-design-premium-leather-craftsmanship-6-card-slots-2-cash-compartments-2-secret-slots-coin-pocket"",""Link"")",0.0
OPTIFINE Study Table/Bed Table/Foldable and Portable Wooden/Writing Desk for Office/Home/School (Black-COTTED-Black),"=HYPERLINK(""https://m.media-amazon.com/images/I/41LGRoaxeRL._SL160_.jpg"",""Image"")",₹999,50%,₹499,"= HYPERLINK(""https://dealsheaven.in/deal/optifine-study-tablebed-tablefoldable-and-portable-woodenwriting-desk-for-officehomeschool-black-cotted-black"",""Link"")",0.0
"Panasonic 9W LED Bulb | LED Bulb 9 watt with B22 Base | 4kV Surge Protection 9 Watt Bulb (Cool Day Light, Pack of 4)","=HYPERLINK(""https://m.media-amazon.com/images/I/51cdG0FTZ-L._SL160_.jpg"",""Image"")",₹680,67%,₹219,"= HYPERLINK(""https://dealsheaven.in/deal/panasonic-9w-led-bulb-led-bulb-9-watt-with-b22-base-4kv-surge-protection-9-watt-bulb-cool-day-light-pack-of-4"",""Link"")",0.0
"Pigeon by Stovekraft Kitchen Tools Value Combo (400ml Chopper & Storage, 3 Knives Set, 1 Kitchen Scissor)","=HYPERLINK(""https://m.media-amazon.com/images/I/41gFHOXkvOL._SL160_.jpg"",""Image"")",₹1435,79%,₹296,"= HYPERLINK(""https://dealsheaven.in/deal/pigeon-by-stovekraft-kitchen-tools-value-combo-400ml-chopper-storage-3-knives-set-1-kitchen-scissor"",""Link"")",0.0
Dove Dry Serum Niacinamide and Omega 6 | Dove Radiant + Care Deodorant Dry Serum | 40ml,"=HYPERLINK(""https://m.media-amazon.com/images/I/31RXHf2PP3L._SL160_.jpg"",""Image"")",₹299,46%,₹161,"= HYPERLINK(""https://dealsheaven.in/deal/dove-dry-serum-niacinamide-and-omega-6-dove-radiant-care-deodorant-dry-serum-40ml"",""Link"")",0.0
Pigeon by Stovekraft 12381 9-Litre OTG (Black),"=HYPERLINK(""https://images-na.ssl-images-amazon.com/images/I/81guUPzFRjL._SL800_.jpg"",""Image"")",₹3099,48%,₹1599,"= HYPERLINK(""https://dealsheaven.in/deal/pigeon-by-stovekraft-12381-9-litre-otg-black"",""Link"")",0.0
Clapbox Cajon Bag with Carry Handle and Shoulder Straps Universal Size,"=HYPERLINK(""https://m.media-amazon.com/images/I/41vgqq3+fRL._SL160_.jpg"",""Image"")",₹3800,80%,₹739,"= HYPERLINK(""https://dealsheaven.in/deal/clapbox-cajon-bag-with-carry-handle-and-shoulder-straps-universal-size"",""Link"")",0.0
"Longway Kestro 1.5 Ltr Electric Kettle with Stainless Steel Body for Boiling, Making Tea, Coffee, Soup, Etc (Silver, 1500 Watt)","=HYPERLINK(""https://m.media-amazon.com/images/I/41kTff48qBL._SL160_.jpg"",""Image"")",₹1169,62%,₹439,"= HYPERLINK(""https://dealsheaven.in/deal/longway-kestro-15-ltr-electric-kettle-with-stainless-steel-body-for-boiling-making-tea-coffee-soup-etc-silver-1500-watt"",""Link"")",0.0
"Ramam Chia Seeds for Weight Management -100% Clean Superfood | Rich in Omega-3, Protein, Fiber & Calcium | Gluten-Free | Ideal for Weight Loss, Heart Health & Healthy Snacks | Versatile for Eating & Baking - 250g","=HYPERLINK(""https://m.media-amazon.com/images/I/51mVnkwwT2L._SL160_.jpg"",""Image"")",₹699,80%,₹139,"= HYPERLINK(""https://dealsheaven.in/deal/ramam-chia-seeds-250gm-for-weight-loss-natural-chia-seeds-for-eating-rich-in-omega-3-high-protein-seeds-gluten-free-helps-in-manage-cholesterol-level-blood-pressure-250g-pack-of-1"",""Link"")",0.0
"Washing Machine Cleaner, Descaler For Washing Machine Front Load and Top Load, Washing Machine Cleaning Powder, Descaling Powder For Washing Machine (100 Gm - Pack of 4)","=HYPERLINK(""https://m.media-amazon.com/images/I/51PstHH4l9L._SL160_.jpg"",""Image"")",₹999,80%,₹194,"= HYPERLINK(""https://dealsheaven.in/deal/washing-machine-cleaner-descaler-for-washing-machine-front-load-and-top-load-washing-machine-cleaning-powder-descaling-powder-for-washing-machine-100-gm-pack-of-4"",""Link"")",0.0
Mumma's LIFE Insulated Steel Flask | Insulated Tea Pot Kettle Thermos Water Jug | Hot & Cold | Leak-Proof Lid | Thermoware | Food Grade Plastic | High Grade Stainess Steel | Fat Boo Grey (2000ML),"=HYPERLINK(""https://m.media-amazon.com/images/I/31UVVNFpbxL._SL160_.jpg"",""Image"")",₹1058,33%,₹699,"= HYPERLINK(""https://dealsheaven.in/deal/mummas-life-insulated-steel-flask-insulated-tea-pot-kettle-thermos-water-jug-hot-cold-leak-proof-lid-thermoware-food-grade-plastic-high-grade-stainess-steel-fat-boo-grey-2000ml"",""Link"")",0.0
Aristocrat Enigma 52 Cm Polyester Softsided Cabin Size Duffle Bag - Red,"=HYPERLINK(""https://m.media-amazon.com/images/I/31geCivkVrL._SL160_.jpg"",""Image"")",₹2080,70%,₹624,"= HYPERLINK(""https://dealsheaven.in/deal/aristocrat-enigma-52-cm-polyester-softsided-cabin-size-2-wheels-duffle-bag-red"",""Link"")",0.0
"SAFARI RAY 67 Cms Check-in Trolley Bag Hard Case Polycarbonate 4 Wheels 360 Degree Wheeling System Luggage, Trolley Bags For Travel, Suitcase For Travel, Midnight Blue","=HYPERLINK(""https://m.media-amazon.com/images/I/31JnujTvsTL._SL160_.jpg"",""Image"")",₹7535,68%,₹2399,"= HYPERLINK(""https://dealsheaven.in/deal/safari-ray-65-cms-medium-check-in-polycarbonate-pc-hard-sided-4-wheels-360-degree-rotation-luggagesuitcasetrolley-bag-midnight-blue"",""Link"")",0.0
Kiddums Massage & Bath Oil - Bath Massage Oil For Babies - Baby Oil For New Born - Baby Oil For Massage - 200 ml,"=HYPERLINK(""https://m.media-amazon.com/images/I/316dhEc7gyL._SL160_.jpg"",""Image"")",₹599,78%,₹128,"= HYPERLINK(""https://dealsheaven.in/deal/kiddums-massage-bath-oil-bath-massage-oil-for-babies-baby-oil-for-new-born-baby-oil-for-massage-200-ml"",""Link"")",0.0
"Cockatoo AM222-Printed Active Wear Men,Quick-Dry Sport Shorts for Men,Lake Blue,Size: L","=HYPERLINK(""https://m.media-amazon.com/images/I/41Um3AR-ndL._SL160_.jpg"",""Image"")",₹1299,86%,₹175,"= HYPERLINK(""https://dealsheaven.in/deal/cockatoo-am222-printed-active-wear-menquick-dry-sport-shorts-for-menlake-bluesize-l"",""Link"")",0.0
VECTOR X OKSS-296 Unisex Multi-Sport Full-Length Body Suit/Swimsuit,"=HYPERLINK(""https://m.media-amazon.com/images/I/31mz72SZMlL._SL160_.jpg"",""Image"")",₹2399,86%,₹320,"= HYPERLINK(""https://dealsheaven.in/deal/vector-x-okss-296-unisex-multi-sport-full-length-body-suitswimsuit"",""Link"")",0.0
"Rexona Shower Fresh Underarm Roll On Deodorant For Women, Antiperspirant, Removes Odour, Keeps Skin Fresh & Clean, Alcohol Free, Skin Friendly, 50 Ml","=HYPERLINK(""https://m.media-amazon.com/images/I/41SruTDHTuL._SL160_.jpg"",""Image"")",₹190,55%,₹85,"= HYPERLINK(""https://dealsheaven.in/deal/rexona-shower-fresh-underarm-roll-on-deodorant-for-women-antiperspirant-removes-odour-keeps-skin-fresh-clean-alcohol-free-skin-friendly-50-ml"",""Link"")",0.0
Status All Season Multipurpose Polar Fleece/Summer AC Blanket/Single Bed Blanket/Light Weight Blanket (Black),"=HYPERLINK(""https://m.media-amazon.com/images/I/41XnS-8ISqL._SL160_.jpg"",""Image"")",₹599,78%,₹129,"= HYPERLINK(""https://dealsheaven.in/deal/status-all-season-multipurpose-polar-fleecesummer-ac-blanketsingle-bed-blanketlight-weight-blanket-black"",""Link"")",0.0
Cabix Status Car Door Guard Corner Edge Protector Scratch Resistant Water Proof Black Universal for Maruti Suzuki Alto/Swift/Grand Vitara/Brezza/Fronx/Dzire/Jimny/Esteem/K10,"=HYPERLINK(""https://m.media-amazon.com/images/I/41USUScVzUL._SL160_.jpg"",""Image"")",₹599,79%,₹120,"= HYPERLINK(""https://dealsheaven.in/deal/cabix-status-car-door-guard-corner-edge-protector-scratch-resistant-water-proof-black-universal-for-maruti-suzuki-altoswiftgrand-vitarabrezzafronxdzirejimnyesteemk10"",""Link"")",0.0
"Status Contract Amaze Place mat Pack of 2 (Red), Microfiber","=HYPERLINK(""https://m.media-amazon.com/images/I/51nLejC45BL._SL160_.jpg"",""Image"")",₹999,93%,₹61,"= HYPERLINK(""https://dealsheaven.in/deal/status-contract-amaze-place-mat-pack-of-2-red-microfiber"",""Link"")",0.0
"Status Contract Anti Slip Front Door Mat|(38x58cm) Living Room Rug for Entrance Door|Polypropylene Floor Mat for Home|Essential Small Rug for Office, Bedroom & Kitchen| (Brown), Rectangular","=HYPERLINK(""https://m.media-amazon.com/images/I/51QtnCjZ2fL._SL160_.jpg"",""Image"")",₹599,86%,₹78,"= HYPERLINK(""https://dealsheaven.in/deal/status-contract-anti-slip-front-door-mat38x58cm-living-room-rug-for-entrance-doorpolypropylene-floor-mat-for-homeessential-small-rug-for-office-bedroom-kitchen-brown-rectangular"",""Link"")",0.0
Liberty A-Ha Men Lpmxt-800 Grey Casual Clogs-44,"=HYPERLINK(""https://m.media-amazon.com/images/I/31oHMfRfomL._SL160_.jpg"",""Image"")",₹1299,65%,₹449,"= HYPERLINK(""https://dealsheaven.in/deal/liberty-a-ha-men-lpmxt-800-grey-casual-clogs-44"",""Link"")",0.0
ASICS Gel-Contend 4B+ Black/Neon Lime Running Shoes - 10 UK (45 EU) (11 US) (1011B141),"=HYPERLINK(""https://m.media-amazon.com/images/I/41uDIJqEy7L._SL160_.jpg"",""Image"")",₹3999,56%,₹1750,"= HYPERLINK(""https://dealsheaven.in/deal/asics-gel-contend-4b-blackneon-lime-running-shoes-10-uk-45-eu-11-us-1011b141"",""Link"")",0.0
Campus Men's Sphere Navy/SIL Walking Shoes - 7UK/India CG-137A,"=HYPERLINK(""https://m.media-amazon.com/images/I/417UC9Fv2pL._SL160_.jpg"",""Image"")",₹1499,64%,₹532,"= HYPERLINK(""https://dealsheaven.in/deal/campus-mens-sphere-navysil-walking-shoes-7ukindia-cg-137a"",""Link"")",0.0
Puma Mens Foam Stride Navy-Fizzy Lime-White Running Shoe - 9UK (37999202),"=HYPERLINK(""https://m.media-amazon.com/images/I/41OS1EpY+qL._SL160_.jpg"",""Image"")",₹4499,70%,₹1349,"= HYPERLINK(""https://dealsheaven.in/deal/puma-mens-foam-stride-navy-fizzy-lime-white-running-shoe-9uk-37999202"",""Link"")",0.0
TAFT Schwarzkopf Taft Ultra Hair Lacquer Ultra Strong 4 Spray (250Ml),"=HYPERLINK(""https://m.media-amazon.com/images/I/51ys3EgOfCL._SL1280_.jpg"",""Image"")",₹650,50%,₹325,"= HYPERLINK(""https://dealsheaven.in/deal/taft-schwarzkopf-taft-ultra-hair-lacquer-ultra-strong-4-spray-250ml"",""Link"")",0.0
"DABUR Vatika Rosemary Hair Growth Oil With Hibiscus&Coconut Oil - 200Ml | Stimulates Hair Growth And Thickness | Co-Created With Dermatologist | No Mineral Oil |Animal Test Free,200 Grams","=HYPERLINK(""https://m.media-amazon.com/images/I/4143iUN2TAL._SL160_.jpg"",""Image"")",₹550,48%,₹286,"= HYPERLINK(""https://dealsheaven.in/deal/dabur-vatika-rosemary-hair-growth-oil-with-hibiscus-coconut-oil-200ml-stimulates-hair-growth-and-thickness-co-created-with-dermatologist-no-mineral-oil-no-added-fragrance-animal-test-free"",""Link"")",0.0
"Dove Fresh Moisture Beauty Bathing Bar Makes Skin Soft & Refreshed, 450g (Pack Of 6)","=HYPERLINK(""https://m.media-amazon.com/images/I/415dfW-dJrL._SL160_.jpg"",""Image"")",₹375,38%,₹232,"= HYPERLINK(""https://dealsheaven.in/deal/dove-fresh-moisture-beauty-bathing-bar-makes-skin-soft-refreshed-buy-5-get-1-450gms"",""Link"")",0.0
"Dabur Vatika Health Shampoo - 640ml | With 7 natural ingredients | For Smooth, Shiny & Nourished Hair | Repairs Hair damage, Controls Frizz | For All Hair Types | Goodness of Henna & Amla","=HYPERLINK(""https://m.media-amazon.com/images/I/411hgnnNkqL._SL160_.jpg"",""Image"")",₹549,64%,₹197,"= HYPERLINK(""https://dealsheaven.in/deal/dabur-vatika-health-shampoo-with-henna-amla-for-problem-free-hair-640ml"",""Link"")",1.5
Park Avenue Men Original Collection | Liquid Deodorant | Fresh Long-Lasting Aroma Good Morning Intense | 120Ml,"=HYPERLINK(""https://m.media-amazon.com/images/I/31JwRZdoyjL._SL160_.jpg"",""Image"")",₹225,58%,₹94,"= HYPERLINK(""https://dealsheaven.in/deal/park-avenue-good-morning-perfume-intense-body-spray-150ml"",""Link"")",0.0
"Revlon Outrageous Color Protection Shampoo, 400ml","=HYPERLINK(""https://m.media-amazon.com/images/I/41-BAzFiRDL._SL160_.jpg"",""Image"")",₹375,50%,₹187,"= HYPERLINK(""https://dealsheaven.in/deal/revlon-outrageous-color-protection-shampoo-400ml"",""Link"")",5.0
AND Love Muse Deodorant 200ml Body Spray Gift For Women Longlasting Crafted by Ajmal,"=HYPERLINK(""https://m.media-amazon.com/images/I/21EgpEALdnL._SL160_.jpg"",""Image"")",₹299,54%,₹135,"= HYPERLINK(""https://dealsheaven.in/deal/and-love-muse-deodorant-200ml-body-spray-gift-for-women-longlasting-crafted-by-ajmal"",""Link"")",0.0
N/A,"=HYPERLINK(""N/A"",""Image"")",N/A,N/A,N/A,"= HYPERLINK(""N/A"",""Link"")",N/A
Plackers 3 in 1 Dental Floss Picks 90 Pcs Mint flavored flosser with tongue cleaner and toothpick for fresh breath and healthy gums,"=HYPERLINK(""https://m.media-amazon.com/images/I/51Q37JLNhhL._SL160_.jpg"",""Image"")",₹599,66%,₹199,"= HYPERLINK(""https://dealsheaven.in/deal/plackers-3-in-1-dental-floss-picks-90-pcs-mint-flavored-flosser-with-tongue-cleaner-and-toothpick-for-fresh-breath-and-healthy-gums"",""Link"")",0.0
Park Avenue Beer shampoo For Damaged hair (650ml) | Paraben Free | For Damage Fee Hair| Crafted with Natural Beer,"=HYPERLINK(""https://m.media-amazon.com/images/I/318qe22fZQL._SL160_.jpg"",""Image"")",₹650,60%,₹260,"= HYPERLINK(""https://dealsheaven.in/deal/park-avenue-beer-shampoo-for-damage-free-hair-with-hops-barley-proteins-and-vit-b-650ml"",""Link"")",0.0
"Gleva Powder Puff Soft Face Makeup Sponge, Loose powder Foundation Blending Sponges Set, Beauty Blender, Contouring, Wedge Triangle Shape Wet & Dry Tool Washable Reusable (Assorted)","=HYPERLINK(""https://m.media-amazon.com/images/I/31RWs0rur1L._SL160_.jpg"",""Image"")",₹699,92%,₹49,"= HYPERLINK(""https://dealsheaven.in/deal/gleva-powder-puff-soft-face-makeup-sponge-loose-powder-foundation-blending-sponges-set-beauty-blender-contouring-wedge-triangle-shape-wet-dry-tool-washable-reusable-assorted"",""Link"")",0.0
Playboy My VIP Story Deodorant Spray - 150ml - For Men,"=HYPERLINK(""https://m.media-amazon.com/images/I/31mIxk8m4aL._SL160_.jpg"",""Image"")",₹319,50%,₹157,"= HYPERLINK(""https://dealsheaven.in/deal/playboy-my-vip-story-deodorant-spray-150ml-for-men"",""Link"")",0.0
"Dettol Body Wash and Shower Gel for Women and Men, Cool - 250ml | Soap-Free Bodywash | 12h Odour Protection","=HYPERLINK(""https://m.media-amazon.com/images/I/41N6A-kQVaL._SL160_.jpg"",""Image"")",₹200,52%,₹95,"= HYPERLINK(""https://dealsheaven.in/deal/dettol-body-wash-and-shower-gel-cool-250ml"",""Link"")",0.0
"Boult Audio RCharge Wireless in Ear Bluetooth Earphones with ENC Mic, 30H Playtime, 50ms Low Latency Gaming Mode, Dual Pairing, Type-C Fast Charging (10Min=12Hrs), 10mm Bass Drivers Neckband (Blue)","=HYPERLINK(""https://m.media-amazon.com/images/I/419hDRpcr5L._SL160_.jpg"",""Image"")",₹1799,61%,₹699,"= HYPERLINK(""https://dealsheaven.in/deal/boult-audio-newly-launched-rcharge-wireless-in-ear-bluetooth-neckband-with-enc-mic-30h-playtime-50ms-low-latency-gaming-mode-dual-pairing-fast-charging-10min12hrs-10mm-bass-drivers-blue"",""Link"")",0.0
Crocs Unisex Adult White Classic Flip 207713-100-M9W11,"=HYPERLINK(""https://m.media-amazon.com/images/I/31bfEau1q4L._SL160_.jpg"",""Image"")",₹2495,54%,₹1129,"= HYPERLINK(""https://dealsheaven.in/deal/crocs-unisex-adult-white-classic-flip-207713-100-m9w11"",""Link"")",0.0
"NutriGlow Sunscreen Body Lotion SPF 40 & PA+++, Sunscreen for combination skin, Non Greasy with Broad Spectrum, UVA & UVB Rays Protection, All Skin Types, (120ml)","=HYPERLINK(""https://m.media-amazon.com/images/I/31wgPITJ1IL._SL160_.jpg"",""Image"")",₹275,53%,₹129,"= HYPERLINK(""https://dealsheaven.in/deal/nutriglow-sunscreen-lotion-spf-40-pa-non-greasy-with-broad-spectrum-uv-a-uv-b-blue-light-protection-for-men-women-suitable-for-oily-dry-sensitive-combination-skin-sulpahate-free-120ml"",""Link"")",0.0
Bajaj 100% Pure Coconut Oil 600ml Wide Mouth Jar,"=HYPERLINK(""https://m.media-amazon.com/images/I/31kmejCHhOL._SL160_.jpg"",""Image"")",₹290,45%,₹159,"= HYPERLINK(""https://dealsheaven.in/deal/bajaj-100-pure-coconut-oil-600ml-wide-mouth-jar"",""Link"")",0.0
Puma Mens Dryflex Peacoat-White Walking Shoe - 9 UK (37542901),"=HYPERLINK(""https://m.media-amazon.com/images/I/31Ur-jSEdKL._SL160_.jpg"",""Image"")",₹3499,60%,₹1399,"= HYPERLINK(""https://dealsheaven.in/deal/puma-mens-dryflex-peacoat-white-walking-shoe-9-uk-37542901"",""Link"")",0.0
N/A,"=HYPERLINK(""N/A"",""Image"")",N/A,N/A,N/A,"= HYPERLINK(""N/A"",""Link"")",N/A
"Faber 90 Cm 1100 M³/Hr Auto-Clean Curved Glass Kitchen Chimney [HOOD ALPHA In HC PB FL BK 90], Filterless Technology, Push Button, Black]","=HYPERLINK(""https://m.media-amazon.com/images/I/3126jJRGYML._SL160_.jpg"",""Image"")",₹22990,52%,₹10990,"= HYPERLINK(""https://dealsheaven.in/deal/faber-90-cm-1100-m3hr-auto-clean-curved-glass-kitchen-chimney-hood-alpha-in-hc-pb-fl-bk-90-filterless-technology-push-button-black"",""Link"")",0.0
"KAFF 75 cm 1180 m3/h Chimney (AMBRA DHC 75, Black)","=HYPERLINK(""https://m.media-amazon.com/images/I/31UAc665cOL._SL160_.jpg"",""Image"")",₹26990,63%,₹9890,"= HYPERLINK(""https://dealsheaven.in/deal/kaff-75-cm-1180-m3h-chimney-ambra-dhc-75-black"",""Link"")",0.0
Blaupunkt Newly Launched Rock & Roll Hitz 75W Wireless Speaker with Dynamic RGB Lights and Wired Karaoke Mic-Ultimate Sound for Unforgettable Parties,"=HYPERLINK(""https://m.media-amazon.com/images/I/41Mgwe35+6L._SL160_.jpg"",""Image"")",₹19999,85%,₹2999,"= HYPERLINK(""https://dealsheaven.in/deal/blaupunkt-newly-launched-rock-roll-hitz-75w-wireless-speaker-with-dynamic-rgb-lights-and-wired-karaoke-mic-ultimate-sound-for-unforgettable-parties"",""Link"")",0.0
"Old Spice Lionpride No Gas Deodorant Body Spray Perfume for Men, 140 ml","=HYPERLINK(""https://m.media-amazon.com/images/I/416W2jewyvL._SL160_.jpg"",""Image"")",₹299,60%,₹119,"= HYPERLINK(""https://dealsheaven.in/deal/old-spice-lionpride-no-gas-deodorant-body-spray-perfume-for-men-140ml"",""Link"")",0.0
Everyuth Golden Glow Peel-off Mask 100 g (Pack of 2),"=HYPERLINK(""https://m.media-amazon.com/images/I/41fLzsRIsEL._SL160_.jpg"",""Image"")",₹320,50%,₹160,"= HYPERLINK(""https://dealsheaven.in/deal/everyuth-golden-glow-peel-off-mask-90-gm-pack-of-2"",""Link"")",0.0
Amazon Brand - Solimo Mars 1 Seater Fabric Recliner (Grey),"=HYPERLINK(""https://m.media-amazon.com/images/I/41FKfxBAOPL._SL160_.jpg"",""Image"")",₹42000,67%,₹13799,"= HYPERLINK(""https://dealsheaven.in/deal/amazon-brand-solimo-mars-1-seater-fabric-recliner-grey"",""Link"")",0.0
Park Avenue Beer shampoo for Shiny & Bouncy Hair (180ml) | Paraben Free | For Dull & Lifeless Hair | Crafted with Natural Beer,"=HYPERLINK(""https://m.media-amazon.com/images/I/31w6rOH0bwS._SL160_.jpg"",""Image"")",₹170,47%,₹89,"= HYPERLINK(""https://dealsheaven.in/deal/park-avenue-shiny-and-bouncy-beer-shampoo-180ml"",""Link"")",5.0
"The Earth Store Swifther Handheld Coffee Frother for Lattes Shakes Mini Foamer for Milk, Cappuccino, Frappe, Matcha, Egg Beater Hand Blender | Coffee Blender Set of 1","=HYPERLINK(""https://m.media-amazon.com/images/I/41CLgPMnXgL._SL160_.jpg"",""Image"")",₹499,70%,₹149,"= HYPERLINK(""https://dealsheaven.in/deal/the-earth-store-swifther-handheld-coffee-frother-for-lattes-shakes-mini-foamer-for-milk-cappuccino-frappe-matcha-egg-beater-hand-blender-coffee-blender-set-of-1"",""Link"")",0.0
"House Wrap 50 Meters Food Wrapping Paper - Premium Non-Stick Food Wrap | Chemical Free,Oil Absorbent, Non Stick Paper | BPA Free No Ink Paper.","=HYPERLINK(""https://m.media-amazon.com/images/I/31ITy9SszmL._SL160_.jpg"",""Image"")",₹560,76%,₹129,"= HYPERLINK(""https://dealsheaven.in/deal/house-wrap-50-meters-food-wrapping-paper-premium-non-stick-food-wrap-chemical-freeoil-absorbent-non-stick-paper-bpa-free-no-ink-paper"",""Link"")",0.0
"Amazon brand - Solimo No Sugar Muesli, 1kg","=HYPERLINK(""https://images-na.ssl-images-amazon.com/images/I/81YwVZZjs-L._SL1500_.jpg"",""Image"")",₹600,43%,₹339,"= HYPERLINK(""https://dealsheaven.in/deal/amazon-brand-solimo-no-sugar-muesli-1kg"",""Link"")",0.0
N/A,"=HYPERLINK(""N/A"",""Image"")",N/A,N/A,N/A,"= HYPERLINK(""N/A"",""Link"")",N/A
"Faber 90 Cm 1200 M³/Hr Auto-Clean Slant Chimney (HOOD MARTInEZ HC TC BK 90, Filterless Technology,Touch Control, Black)","=HYPERLINK(""https://m.media-amazon.com/images/I/31kPqyaq5uL._SL160_.jpg"",""Image"")",₹35990,61%,₹13990,"= HYPERLINK(""https://dealsheaven.in/deal/faber-90-cm-1200-m3hr-auto-clean-slant-chimney-hood-martinez-hc-tc-bk-90-filterless-technologytouch-control-black"",""Link"")",0.0
Reebok Men's Evander Smoky Indigo-Vector Navy-Classic WHI Running Shoe-8 Kids UK (HMP04),"=HYPERLINK(""https://m.media-amazon.com/images/I/41Fo1d7G9kL._SL160_.jpg"",""Image"")",₹2999,55%,₹1326,"= HYPERLINK(""https://dealsheaven.in/deal/reebok-mens-evander-smoky-indigo-vector-navy-classic-whi-running-shoe-8-kids-uk-hmp04"",""Link"")",0.0
"Bumtum Baby Diaper Pants, XL Size,162 Count, Double Layer Leakage Protection Infused With Aloe Vera, Cottony Soft High Absorb Technology (Pack of 3)","=HYPERLINK(""https://m.media-amazon.com/images/I/515D2kq8pYL._SL160_.jpg"",""Image"")",₹3747,62%,₹1423,"= HYPERLINK(""https://dealsheaven.in/deal/bumtum-baby-diaper-pants-xl-size162-count-double-layer-leakage-protection-infused-with-aloe-vera-cottony-soft-high-absorb-technology-pack-of-3"",""Link"")",0.0
Crocs Unisex Adult Navy Classic Casual Flip-Flop 207713-410-M10W12,"=HYPERLINK(""https://m.media-amazon.com/images/I/21hrVZA5WkL._SL160_.jpg"",""Image"")",₹2495,54%,₹1129,"= HYPERLINK(""https://dealsheaven.in/deal/crocs-unisex-adult-navy-classic-casual-flip-flop-207713-410-m10w12"",""Link"")",0.0
Foxsky 109 cm (43 inch) Frameless Series Full HD LED Smart TV FS43GATV (Black),"=HYPERLINK(""https://m.media-amazon.com/images/I/418eZmcbgeL._SL160_.jpg"",""Image"")",₹45499,62%,₹16999,"= HYPERLINK(""https://dealsheaven.in/deal/foxsky-109-cm-43-inch-frameless-series-full-hd-led-smart-tv-fs43gatv-black"",""Link"")",0.0
"KAFF 70 cm 1000 m3/h Chimney (MARK MX 70, Grey)","=HYPERLINK(""https://m.media-amazon.com/images/I/41yQnwSKj-L._SL160_.jpg"",""Image"")",₹15490,51%,₹7590,"= HYPERLINK(""https://dealsheaven.in/deal/kaff-70-cm-1000-m3h-chimney-mark-mx-70-grey"",""Link"")",0.0
"amazon basics Polyester Microfiber Quilt Cover Set with 2 Pillow Covers (Black, 3-Pieces Queen Size)","=HYPERLINK(""https://m.media-amazon.com/images/I/81E9RvGa8zL._SL1500_.jpg"",""Image"")",₹2800,73%,₹739,"= HYPERLINK(""https://dealsheaven.in/deal/amazon-basics-polyester-microfiber-quilt-cover-set-with-2-pillow-covers-black-3-pieces-queen-size"",""Link"")",0.0
Woodland Men's Khaki Leather Sneaker-10 UK (44 EU) (G 40777CMA),"=HYPERLINK(""https://m.media-amazon.com/images/I/41gAGrLga4L._SL160_.jpg"",""Image"")",₹3895,55%,₹1752,"= HYPERLINK(""https://dealsheaven.in/deal/woodland-mens-khaki-leather-sneaker-10-uk-44-eu-g-40777cma"",""Link"")",0.0
"FOGG Realman Fresh Mood Deodorant, Strong Body Spray, Long Lasting Fragrance For Men, 200Ml","=HYPERLINK(""https://m.media-amazon.com/images/I/31xjudISsXL._SL160_.jpg"",""Image"")",₹299,59%,₹120,"= HYPERLINK(""https://dealsheaven.in/deal/realman-fresh-mood-200-ml"",""Link"")",0.0
"Happer Plastic Premium Multipurpose Wall Mounted Storage Cabinet with Mirror, Prime Look (Black)","=HYPERLINK(""https://m.media-amazon.com/images/I/41ZTq-6L6cL._SL160_.jpg"",""Image"")",₹2086,52%,₹999,"= HYPERLINK(""https://dealsheaven.in/deal/happer-plastic-premium-multipurpose-wall-mounted-storage-cabinet-with-mirror-prime-look-black"",""Link"")",0.0
"boAt BassHeads 900 Pro Wired Headphones with 40mm Drivers, Lightweight Foldable Design, Remote Control, Unidirectional Retractable Mic, Adjustable Headband & USB Type-A Compatibility(Black)","=HYPERLINK(""https://m.media-amazon.com/images/I/4192vscwlSL._SL160_.jpg"",""Image"")",₹4990,81%,₹899,"= HYPERLINK(""https://dealsheaven.in/deal/boat-bassheads-900-pro-wired-headphones-with-40mm-drivers-lightweight-foldable-design-remote-control-unidirectional-retractable-mic-adjustable-headband-usb-type-a-compatibilityblack"",""Link"")",0.0
"EAST COAST INVINCIBLE PRO 7 SPEED 26 T Mountain/Hardtail 26 T Mountain Cycle(7 Gear, Blue, Black, Only Front Suspension)","=HYPERLINK(""https://rukminim1.flixcart.com/image/200/200/xif0q/cycle/k/2/u/invincible-pro-7-speed-26-t-mountain-hardtail-26-18-east-coast-original-imah4rgsjpvtx23q.jpeg?q=90"",""Image"")",₹11999,83%,₹2000,"= HYPERLINK(""https://dealsheaven.in/deal/east-coast-invincible-pro-7-speed-26-t-mountainhardtail-26-t-mountain-cycle7-gear-blue-black-only-front-suspension"",""Link"")",0.0
Status Contract Kitchen Mats for Floor | (30x50cm) Kitchen Decor | Anti-Skid Rubber Kitchen Floor Mat | Napa Skin Super Absorbent Non Slip Mat - Floor Rug | Waterproof Kitchen Mat,"=HYPERLINK(""https://m.media-amazon.com/images/I/51hFE6YOh-L._SL160_.jpg"",""Image"")",₹1900,97%,₹47,"= HYPERLINK(""https://dealsheaven.in/deal/status-contract-kitchen-mats-for-floor-30x50cm-kitchen-decor-anti-skid-rubber-kitchen-floor-mat-napa-skin-super-absorbent-non-slip-mat-floor-rug-waterproof-kitchen-mat"",""Link"")",0.0
"LONGWAY Kiger P2 1200 mm/48 inch Ultra High Speed 3 Blade Anti-Dust Decorative Star Rated Ceiling Fan (Smoked Brown, Pack of 2)","=HYPERLINK(""https://m.media-amazon.com/images/I/31sADLsITdL._SL160_.jpg"",""Image"")",₹4962,57%,₹2099,"= HYPERLINK(""https://dealsheaven.in/deal/longway-kiger-1200mm48-inch-high-speed-anti-dust-ceiling-fan-smoked-brown-pack-of-2"",""Link"")",0.0
"Rupa Softline Women's Regular Leggings (Slc64Lt.Grass_Green_Fs),Free Size","=HYPERLINK(""https://m.media-amazon.com/images/I/31IaeoyBoQL._SL160_.jpg"",""Image"")",₹399,61%,₹155,"= HYPERLINK(""https://dealsheaven.in/deal/rupa-softline-womens-regular-leggings-slc64ltgrass-green-fsfree-size"",""Link"")",0.0
Campus Men's Callisto BLU/F.GRN Walking Shoes - 9UK/India 22G-149A,"=HYPERLINK(""https://m.media-amazon.com/images/I/41SZMZoNiqL._SL160_.jpg"",""Image"")",₹2199,64%,₹780,"= HYPERLINK(""https://dealsheaven.in/deal/campus-mens-callisto-blufgrn-walking-shoes-9ukindia-22g-149a"",""Link"")",0.0
Bajaj Almond Drops Non Sticky Hair Oil With Almond and Argan Oil for 3 way Damage Protection 200ml,"=HYPERLINK(""https://m.media-amazon.com/images/I/41ecs2Iu0EL._SL160_.jpg"",""Image"")",₹359,55%,₹161,"= HYPERLINK(""https://dealsheaven.in/deal/apply-coupon-bajaj-almond-drops-almond-argan-hair-oil-200ml-provides-3-way-damage-protection-for-soft-and-shiny-hair-non-sticky-formula-with-almond-oil-argan-oil"",""Link"")",0.0
"CELLBELL C190 Berlin Office Chair, High Back Mesh Ergonomic Home Office Desk Chair (Black)","=HYPERLINK(""https://m.media-amazon.com/images/I/515lPx6TaHL._SL160_.jpg"",""Image"")",₹19999,71%,₹5699,"= HYPERLINK(""https://dealsheaven.in/deal/cellbell-c190-berlin-office-chair-high-back-mesh-ergonomic-home-office-desk-chair-black"",""Link"")",0.0
"Jbl Commercial Cslm20B Blue Edition Battery Powered Lavalier Microphone For Content Creation, Vlogging, Voiceover/Dubbing & Recording - Auxiliary","=HYPERLINK(""https://m.media-amazon.com/images/I/31FfjyQbrmL._SL160_.jpg"",""Image"")",₹2599,82%,₹449,"= HYPERLINK(""https://dealsheaven.in/deal/jbl-commercial-cslm20b-blue-edition-battery-powered-lavalier-microphone-for-content-creation-vlogging-voiceoverdubbing-recording-auxiliary"",""Link"")",0.0
"Garnier Skin Naturals, Eye Mask, Hydrating & Revitalising, Hydra Bomb Eye Serum Mask, 1 pc, 6g","=HYPERLINK(""https://m.media-amazon.com/images/I/41ifhIdvGiL._SL160_.jpg"",""Image"")",₹99,40%,₹59,"= HYPERLINK(""https://dealsheaven.in/deal/garnier-hydra-bomb-eye-serum-mask-orange-6-g"",""Link"")",0.0
"Park Avenue Pure Collection Trance Fragrance Body Spray for Men, 135ml","=HYPERLINK(""https://m.media-amazon.com/images/I/31peVdUHaIL._SL160_.jpg"",""Image"")",₹220,55%,₹99,"= HYPERLINK(""https://dealsheaven.in/deal/park-avenue-pure-collection-trance-fragrance-body-spray-for-men-135ml"",""Link"")",0.0
"KamaSutra Park Avenue Men Voyage Obsession Eau De Citrus Scent Liquid Parfum, 50 Ml","=HYPERLINK(""https://m.media-amazon.com/images/I/31rL-Vm5gqL._SL160_.jpg"",""Image"")",₹399,55%,₹179,"= HYPERLINK(""https://dealsheaven.in/deal/park-avenue-voyage-obsession-eau-de-liquid-parfum-for-men-50-ml"",""Link"")",0.0
Dabur Vatika Ayurvedic Shampoo - 1L | Damage Therapy | With Power of 10 ingredients for solving 10 hair problems| No Parabens | For all hair types,"=HYPERLINK(""https://m.media-amazon.com/images/I/41bEmqhnYOS._SL160_.jpg"",""Image"")",₹775,50%,₹387,"= HYPERLINK(""https://dealsheaven.in/deal/dabur-vatika-ayurvedic-shampoo-for-hair-fall-control-and-damage-free-strong-and-shiny-hair-1l"",""Link"")",0.0
"GUESS Women's Gu3022 Matte Blue/Blue Oval Non-Polarized Sunglasses, One Size","=HYPERLINK(""https://m.media-amazon.com/images/I/31podjCPfML._SL160_.jpg"",""Image"")",₹10830,86%,₹1421,"= HYPERLINK(""https://dealsheaven.in/deal/guess-womens-gu3022-matte-blueblue-oval-non-polarized-sunglasses-one-size"",""Link"")",0.0
"Dabur Gulabari Premium Rose Water - 400ml (Pack of 3) | With No Paraben | Cleanses, Hydrates & Moisturises Skin | Balances & Restores Skin's pH Levels | For All Skin Types","=HYPERLINK(""https://m.media-amazon.com/images/I/51feDBwxhEL._SL160_.jpg"",""Image"")",₹405,40%,₹243,"= HYPERLINK(""https://dealsheaven.in/deal/dabur-gulabari-premium-rose-water-with-no-paraben-for-cleansing-and-toning-400-ml-pack-of-3"",""Link"")",0.0
"POND'S Bright Beauty SPF 15 PA ++ Day Cream 50 g, Non-Oily, Mattifying Daily Face Moisturizer - With Niacinamide to Lighten Dark Spots for Glowing Skin","=HYPERLINK(""https://m.media-amazon.com/images/I/41Xi8rzUelL._SL160_.jpg"",""Image"")",₹299,40%,₹179,"= HYPERLINK(""https://dealsheaven.in/deal/ponds-bright-beauty-spf-15-pa-fairness-cream-50-g"",""Link"")",0.0
Clovia Women's Slim Yoga Pants (AB0042F19L_Multicolor,"=HYPERLINK(""https://m.media-amazon.com/images/I/41Y9nHb7KOL._SL160_.jpg"",""Image"")",₹1199,77%,₹273,"= HYPERLINK(""https://dealsheaven.in/deal/clovia-womens-slim-yoga-pants-ab0042f19l-multicolor"",""Link"")",0.0
"Bajaj Brahmi Amla Ayurvedic Hair Oil, 400ml","=HYPERLINK(""https://images-na.ssl-images-amazon.com/images/I/41fvyMVJjrL.jpg"",""Image"")",₹200,35%,₹130,"= HYPERLINK(""https://dealsheaven.in/deal/bajaj-brahmi-amla-ayurvedic-hair-oil-400ml"",""Link"")",0.0
"Mother Dairy Gulabjamun, 1000 g","=HYPERLINK(""https://m.media-amazon.com/images/I/51tSXxrfI+L._SL160_.jpg"",""Image"")",₹230,34%,₹150,"= HYPERLINK(""https://dealsheaven.in/deal/mother-dairy-gulabjamun-1000-g"",""Link"")",0.0
"Dabur Vedic Tea - 250 Grams x Pack of 3 (Black Tea) | Handpicked from Assam, Nilgiri & Darjeeling | Soulful Aroma & Rich Taste | Premium Tea","=HYPERLINK(""https://m.media-amazon.com/images/I/51FbOXlpJ3L._SL160_.jpg"",""Image"")",₹450,50%,₹225,"= HYPERLINK(""https://dealsheaven.in/deal/dabur-vedic-tea-250g-x-pack-of-3-black-tea-handpicked-from-assam-nilgiri-darjeeling-soulful-aroma-rich-taste-premium-tea"",""Link"")",0.0
Fair and Handsome Instant Radiance Face Wash | Pro-Peptide | Instant Radiance| Washes of Fine Pollutants | Cooling Freshness | 150g,"=HYPERLINK(""https://m.media-amazon.com/images/I/41KTACzfmgL._SL160_.jpg"",""Image"")",₹349,52%,₹165,"= HYPERLINK(""https://dealsheaven.in/deal/fair-and-handsome-instant-radiance-face-wash-pro-peptide-instant-radiance-washes-of-fine-pollutants-cooling-freshness-150g"",""Link"")",0.0
"LONGWAY Starlite-1 P2 1200 mm/48 inch Ultra High Speed 3 Blade Anti-Dust Decorative Star Rated Ceiling Fan (Golden Beige, Pack of 2)","=HYPERLINK(""https://m.media-amazon.com/images/I/31-IJKCKSmL._SL160_.jpg"",""Image"")",₹5762,73%,₹1519,"= HYPERLINK(""https://dealsheaven.in/deal/longway-starlite-1-p2-1200-mm48-inch-ultra-high-speed-3-blade-anti-dust-decorative-star-rated-ceiling-fan-golden-beige-pack-of-2"",""Link"")",0.0
"Nivia Airstrike Football Stud with TPU Sole with Direct Injection Molding Technology A Moulded Removable E.VA Sockliner Exists as an Extra Layer of Plush Light Weight Insole Pre-Molded (Black), UK-6","=HYPERLINK(""https://m.media-amazon.com/images/I/31V3Qi6ugIL._SL160_.jpg"",""Image"")",₹999,35%,₹649,"= HYPERLINK(""https://dealsheaven.in/deal/nivia-airstrike-football-stud-with-tpu-sole-with-direct-injection-molding-technology-a-moulded-removable-eva-sockliner-exists-as-an-extra-layer-of-plush-light-weight-insole-pre-molded-black-uk-6"",""Link"")",0.0
"Colgate Gentle Sensitive Care Ultra Soft Bristles Manual Toothbrush For Adult Combo Pack Offer,Multicolor- 5Pcs","=HYPERLINK(""https://m.media-amazon.com/images/I/41m2zMP5SNL._SL160_.jpg"",""Image"")",₹300,51%,₹147,"= HYPERLINK(""https://dealsheaven.in/deal/colgate-gentle-sensitive-care-ultra-soft-bristles-toothbrush-5pcs"",""Link"")",0.0
Wipro Garnet 10W LED Bulb for Home & Office |Cool Day White (6500K) | B22 Base|220 Degree Light Coverage |4Kv Surge Protection |400V High Voltage Protection |Energy Efficient | Pack of 2,"=HYPERLINK(""https://m.media-amazon.com/images/I/41MqGQ9t0FL._SL160_.jpg"",""Image"")",₹210,38%,₹130,"= HYPERLINK(""https://dealsheaven.in/deal/wipro-garnet-10w-led-bulb-for-home-office-cool-day-white-6500k-b22-base220-degree-light-coverage-4kv-surge-protection-400v-high-voltage-protection-energy-efficient-pack-of-2"",""Link"")",0.0
"Surf Excel Matic Top Load Liquid Detergent 3.2 L Refill, Designed for Tough Stain Removal on Laundry in Washing Machines - Mega Pack (Package may differ)","=HYPERLINK(""https://m.media-amazon.com/images/I/51uNYDqlabL._SL1000_.jpg"",""Image"")",₹635,36%,₹402,"= HYPERLINK(""https://dealsheaven.in/deal/surf-excel-matic-top-load-liquid-detergent-32-l-refill-designed-for-tough-stain-removal-on-laundry-in-washing-machines-mega-pack-package-may-differ"",""Link"")",0.0
wipro Garnet 10W LED Bulb for Home & Office |Cool Day White (6500K) | B22 Base|220 Degree Light Coverage |4Kv Surge Protection |400V High Voltage Protection |Energy Efficient | Pack of 60,"=HYPERLINK(""https://m.media-amazon.com/images/I/51kaVv1LtaL._SL160_.jpg"",""Image"")",₹33000,90%,₹3045,"= HYPERLINK(""https://dealsheaven.in/deal/wipro-garnet-10w-led-bulb-for-home-office-cool-day-white-6500k-b22-base220-degree-light-coverage-4kv-surge-protection-400v-high-voltage-protection-energy-efficient-pack-of-60"",""Link"")",0.0
"Olay Luminous Brightening Foaming Cleanser | Face Wash | Clear and Even Skin | With Glycerin | Normal, Oily, Dry, Combination Skin | 100g","=HYPERLINK(""https://m.media-amazon.com/images/I/31JhSr8aMCL._SL160_.jpg"",""Image"")",₹399,52%,₹190,"= HYPERLINK(""https://dealsheaven.in/deal/olay-face-wash-luminous-brightening-foaming-cleanser-100-g"",""Link"")",0.0
"Old Spice Nomad No Gas Deodorant Body Spray Perfume for Men, 140 ml","=HYPERLINK(""https://m.media-amazon.com/images/I/31WfWKxE2wL._SL160_.jpg"",""Image"")",₹299,65%,₹104,"= HYPERLINK(""https://dealsheaven.in/deal/old-spice-nomad-no-gas-deodorant-body-spray-perfume-for-men-140-ml"",""Link"")",0.0
Acer 80 cm (32 inches) Advanced N Series HD Ready LED TV AR32NSV53HDFL (Black),"=HYPERLINK(""https://m.media-amazon.com/images/I/51Gbx6fdJEL._SL160_.jpg"",""Image"")",₹14999,46%,₹7999,"= HYPERLINK(""https://dealsheaven.in/deal/acer-80-cm-32-inches-advanced-n-series-hd-ready-led-tv-ar32nsv53hdfl-black"",""Link"")",0.0
"Haldirams Double Dhamaka 550 gm, (Contains Besan Burfi, Panjeeri Ladoo, Punjabi Mathi)","=HYPERLINK(""https://m.media-amazon.com/images/I/51TtdAIZ0zL._SL160_.jpg"",""Image"")",₹559,64%,₹199,"= HYPERLINK(""https://dealsheaven.in/deal/haldirams-double-dhamaka-550-gm-contains-besan-burfi-panjeeri-ladoo-punjabi-mathi"",""Link"")",0.0
"ALISBA Women's Cotton Athletic Gym Running Sports Track Suit (Green,L)","=HYPERLINK(""https://m.media-amazon.com/images/I/318y9Iz651L._SL160_.jpg"",""Image"")",₹2999,76%,₹699,"= HYPERLINK(""https://dealsheaven.in/deal/alisba-womens-cotton-athletic-gym-running-sports-track-suit-greenl"",""Link"")",0.0
KENT Grand RO Water Purifier | 4 Years Free Service | RO + UV LED + UF + TDS Control | ISI Marked | Extra 1000 Off on Exchange | 8L Tank | 20 LPH Flow | White,"=HYPERLINK(""https://m.media-amazon.com/images/I/41rQ7ZORBtL._SL160_.jpg"",""Image"")",₹19500,46%,₹10499,"= HYPERLINK(""https://dealsheaven.in/deal/kent-grand-11119-wall-mountable-ro-uf-tds-uv-in-tank-white-20-litrehr-water-purifier-storage-8-litres"",""Link"")",0.0
N/A,"=HYPERLINK(""N/A"",""Image"")",N/A,N/A,N/A,"= HYPERLINK(""N/A"",""Link"")",N/A
"Coway Professional Air Purifier for Home, Longest Filter Life 8500 Hrs, Green True HEPA Filter, Traps 99.99% Virus & PM 0.1 Particles, Warranty 7 Years (AirMega 150 (AP-1019C))","=HYPERLINK(""https://m.media-amazon.com/images/I/51b5sh94f7L._SL160_.jpg"",""Image"")",₹34990,60%,₹13900,"= HYPERLINK(""https://dealsheaven.in/deal/coway-professional-air-purifier-for-home-special-anti-virus-green-hepa-filter-airmega-150-ap-1019c"",""Link"")",0.0
FTX Men Round Neck Printed Multicolor Sports Vest (846_2-846_7-846_10)_L,"=HYPERLINK(""https://m.media-amazon.com/images/I/4161Y15mggL._SL160_.jpg"",""Image"")",₹969,69%,₹299,"= HYPERLINK(""https://dealsheaven.in/deal/ftx-men-round-neck-printed-multicolor-sports-vest-846-2-846-7-846-10-l"",""Link"")",0.0
RUPA Frontline Men's Pack of 3 Standard Solid (FL Vest WHT_White_090),"=HYPERLINK(""https://m.media-amazon.com/images/I/41yRkDSVrWL._SL160_.jpg"",""Image"")",₹414,35%,₹267,"= HYPERLINK(""https://dealsheaven.in/deal/rupa-frontline-mens-pack-of-3-standard-solid-fl-vest-wht-white-090"",""Link"")",0.0
"Levi's 011 Comfort Brief for Men with Contoured Double Pouch, Tag Free Comfort & Smartskin Technology (Pack of 2)","=HYPERLINK(""https://m.media-amazon.com/images/I/41l+rPPeFjL._SL160_.jpg"",""Image"")",₹429,41%,₹253,"= HYPERLINK(""https://dealsheaven.in/deal/levis-011-comfort-brief-for-men-with-contoured-double-pouch-tag-free-comfort-smartskin-technology-pack-of-2"",""Link"")",0.0
"Dabur Gulabari Pure Rose Soap 150g (Pack of 4) | Moisturizing Bathing Soap for Radiant Rose Glowing Skin & Body | Pure Rose Extract, Glycerine & Niacinamide | Long Lasting Fragrance | For Men & Women","=HYPERLINK(""https://m.media-amazon.com/images/I/41qOJIaUeLL._SL160_.jpg"",""Image"")",₹265,44%,₹146,"= HYPERLINK(""https://dealsheaven.in/deal/dabur-gulabari-pure-rose-soap-150g-pack-of-4-moisturizing-bathing-soap-for-radiant-rose-glowing-skin-body-pure-rose-extract-glycerine-niacinamide-long-lasting-fragrance-for-men-women"",""Link"")",0.0
"realme NARZO 70x 5G (Ice Blue, 6GB RAM,128GB Storage)|120Hz Ultra Smooth Display|Dimensity 6100+ 6nm 5G|50MP AI Camera|45W Charger in The Box","=HYPERLINK(""https://m.media-amazon.com/images/I/41anBMMZLHL._SL160_.jpg"",""Image"")",₹17999,34%,₹11748,"= HYPERLINK(""https://dealsheaven.in/deal/realme-narzo-70x-5g-ice-blue-6gb-ram128gb-storage120hz-ultra-smooth-displaydimensity-6100-6nm-5g50mp-ai-camera45w-charger-in-the-box"",""Link"")",0.0
"Parachute Advansed Deep Nourish Body Lotion for Women & Men, Dry Skin, 400ml | Pure Coconut Milk, 100% Natural, 72h Moisturisation","=HYPERLINK(""https://m.media-amazon.com/images/I/31MQE5A6SyL._SL160_.jpg"",""Image"")",₹335,60%,₹134,"= HYPERLINK(""https://dealsheaven.in/deal/parachute-advansed-body-lotion-deep-nourish-400-ml"",""Link"")",5.0
Airwick Freshmatic Automatic Room Freshener Refill - 250ml & Freshmatic Automatic Room Freshener Refill - 250ml | Rose & Saffron & Freshmatic Automatic Room Freshener Refill - 250ml Red,"=HYPERLINK(""https://m.media-amazon.com/images/I/51O+2tsnJjL._SL160_.jpg"",""Image"")",₹990,71%,₹281,"= HYPERLINK(""https://dealsheaven.in/deal/airwick-freshmatic-automatic-room-freshener-refill-250ml-freshmatic-automatic-room-freshener-refill-250ml-rose-saffron-freshmatic-automatic-room-freshener-refill-250ml-red"",""Link"")",0.0
"Black + Decker, 1.5 Cup Capacity With Improved Assembly & Lid : Black+Decker Hc150B One-Touch 1.5 Cup Capacity Electric Food Chopper With Improved Assembly & Lid, Black","=HYPERLINK(""https://m.media-amazon.com/images/I/51BYZ5qkPBL._SL160_.jpg"",""Image"")",₹5999,75%,₹1499,"= HYPERLINK(""https://dealsheaven.in/deal/black-decker-15-cup-capacity-with-improved-assembly-lid-blackdecker-hc150b-one-touch-15-cup-capacity-electric-food-chopper-with-improved-assembly-lid-black"",""Link"")",0.0
"T2F Boy's Joggers Track Pant (5-6 Years, Navy)","=HYPERLINK(""https://m.media-amazon.com/images/I/31ZYfynPyWL._SL160_.jpg"",""Image"")",₹1499,81%,₹272,"= HYPERLINK(""https://dealsheaven.in/deal/t2f-boys-joggers-track-pant-5-6-years-navy"",""Link"")",0.0
N/A,"=HYPERLINK(""N/A"",""Image"")",N/A,N/A,N/A,"= HYPERLINK(""N/A"",""Link"")",N/A
"Havells Fab Water Purifier (White & Grey), RO+UV, Filter alert, Patented corner mounting, Copper+Zinc+pH Balance+Minerals, 7 stage Purification, 7L, Suitable for Borwell, Tanker & Municipal Water","=HYPERLINK(""https://m.media-amazon.com/images/I/312rh9tDAcL._SL160_.jpg"",""Image"")",₹20418,63%,₹7499,"= HYPERLINK(""https://dealsheaven.in/deal/havells-fab-7-litre-absoulety-safe-ro-uv-water-purifer-with-7-stages-patented-cornerwall-mounting-grey-and-white"",""Link"")",0.0
"Alu-Freshh Aluminium Foil for Food Packing, Aluminium Foil 9 Meter, Width 30 cm,11 Microns in Thickness, Keeps Food Warm, Fresh, Hygienic (9m (Pack of 2)","=HYPERLINK(""https://m.media-amazon.com/images/I/41a1I3uPpGL._SL160_.jpg"",""Image"")",₹1099,81%,₹199,"= HYPERLINK(""https://dealsheaven.in/deal/alu-freshh-aluminium-foil-for-food-packing-aluminium-foil-9-meter-width-30-cm11-microns-in-thickness-keeps-food-warm-fresh-hygienic-9m-pack-of-2"",""Link"")",0.0
"Qubo Smart Air Purifier for Home Q200, From Hero Group, Removes 99.99% Allergens, App & Voice Control, Filter Life 9000 Hrs, True HEPA H13 Filter, Energy Saving, (HPH01)","=HYPERLINK(""https://m.media-amazon.com/images/I/41-mYJRBGdL._SL160_.jpg"",""Image"")",₹12990,49%,₹6550,"= HYPERLINK(""https://dealsheaven.in/deal/qubo-smart-air-purifier-for-home-q200-from-hero-group-removes-9999-allergens-app-voice-control-filter-life-9000-hrs-true-hepa-h13-filter-energy-saving-hph01"",""Link"")",0.0
Amazon Basics Miami 13L Women's Backpack | Water-Resistant Nylon Twill | Tablet Sleeve | Spacious Compartments & Front Pocket | Ergonomic Straps & Padded Back | Lightweight & Stylish (Pink),"=HYPERLINK(""https://m.media-amazon.com/images/I/510sBrVCs1L._SL160_.jpg"",""Image"")",₹1799,86%,₹249,"= HYPERLINK(""https://dealsheaven.in/deal/amazon-basics-miami-13l-womens-backpack-water-resistant-nylon-twill-tablet-sleeve-spacious-compartments-front-pocket-ergonomic-straps-padded-back-lightweight-stylish-pink"",""Link"")",0.0
AO Smith EWS NEO-3L | 3 Litre 3KW Instant Water Heater (Geyser) with shock proof Outer Body |5 Levels safety shield |Made for Kitchen and Bathroom Applications,"=HYPERLINK(""https://m.media-amazon.com/images/I/31oDFmwodLL._SL160_.jpg"",""Image"")",₹4990,39%,₹2998,"= HYPERLINK(""https://dealsheaven.in/deal/ao-smith-ews-neo-3l-3-litre-3kw-instant-water-heater-geyser-with-shock-proof-outer-body-5-levels-safety-shield-made-for-kitchen-and-bathroom-applications"",""Link"")",0.0
"Larah by Borosil Mimosa (LH) Opalware Snack Set, 5-Pieces, White","=HYPERLINK(""https://m.media-amazon.com/images/I/31AzNls+9vL._SL160_.jpg"",""Image"")",₹745,62%,₹278,"= HYPERLINK(""https://dealsheaven.in/deal/larah-by-borosil-mimosa-lh-opalware-snack-set-5-pieces-white"",""Link"")",0.0
Bajaj Almond Drops Moisturizing Soap 5 X 125g,"=HYPERLINK(""https://m.media-amazon.com/images/I/41L4lmOEQoL._SL160_.jpg"",""Image"")",₹495,62%,₹188,"= HYPERLINK(""https://dealsheaven.in/deal/bajaj-almond-drops-moisturizing-soap-5-x-125g"",""Link"")",0.0
"Go HookedPlastic Duro Flower Pot for Gardening, Indoor/Outdoor Planter-Green (8 Inch)(Pack of 5 with Tray)","=HYPERLINK(""https://m.media-amazon.com/images/I/41EhL8975kL._SL160_.jpg"",""Image"")",₹1699,89%,₹171,"= HYPERLINK(""https://dealsheaven.in/deal/go-hookedplastic-duro-flower-pot-for-gardening-indooroutdoor-planter-green-8-inchpack-of-5-with-tray"",""Link"")",0.0
"Tata Coffee Gold, Hazelnut Flavoured Coffee, Special Edition Pack With Free Mug, 50 Gm Jar, Instant Coffee Powder, Freeze Dried Coffee Beans, Full Bodied Taste & Rich Aroma","=HYPERLINK(""https://m.media-amazon.com/images/I/41vRADidETL._SL160_.jpg"",""Image"")",₹375,28%,₹268,"= HYPERLINK(""https://dealsheaven.in/deal/tata-coffee-gold-hazelnut-flavoured-coffee-special-edition-pack-with-free-mug-50-gm-jar-instant-coffee-powder-freeze-dried-coffee-beans-full-bodied-taste-rich-aroma"",""Link"")",0.0
amazon basics 28-Liter Casual Backpack with 2 Compartments | Bottle Pocket & Front Pocket Included | Padded Shoulder Straps,"=HYPERLINK(""https://m.media-amazon.com/images/I/315-XU1UYfL._SL160_.jpg"",""Image"")",₹2100,84%,₹319,"= HYPERLINK(""https://dealsheaven.in/deal/amazon-basics-28-liter-casual-backpack-with-2-compartments-bottle-pocket-front-pocket-included-padded-shoulder-straps"",""Link"")",0.0
N/A,"=HYPERLINK(""N/A"",""Image"")",N/A,N/A,N/A,"= HYPERLINK(""N/A"",""Link"")",N/A
Pigeon by Stovekraft 3 Litre Special Stainless Steel Inner Lid Induction Base Pressure Cooker (Silver) BIS Certified & Pigeon Aluminium Nonstick Duo Pack Flat Tawa 250 and Fry Pan 200 Gift Set (Red),"=HYPERLINK(""https://m.media-amazon.com/images/I/31J+dbi5nnL._SL160_.jpg"",""Image"")",₹3390,51%,₹1642,"= HYPERLINK(""https://dealsheaven.in/deal/pigeon-by-stovekraft-3-litre-special-stainless-steel-inner-lid-induction-base-pressure-cooker-silver-bis-certified-pigeon-aluminium-nonstick-duo-pack-flat-tawa-250-and-fry-pan-200-gift-set-red"",""Link"")",0.0
Wonderchef Ruby Sleek 60cm Chimney| Powerful Suction of 1400m3/hr| Auto Clean Function| Oil Collector| Low Noise| Black,"=HYPERLINK(""https://m.media-amazon.com/images/I/41QeLbFfm-L._SL1100_.jpg"",""Image"")",₹22000,59%,₹8999,"= HYPERLINK(""https://dealsheaven.in/deal/wonderchef-ruby-sleek-60cm-chimney-powerful-suction-of-1400m3hr-auto-clean-function-oil-collector-low-noise-black"",""Link"")",0.0
"Elica 60 cm 1100 m3/HR Chimney (Escg BF 60 NERO, 1 Baffle Filter, Black)","=HYPERLINK(""https://m.media-amazon.com/images/I/412MM188EwL._SL160_.jpg"",""Image"")",₹17990,49%,₹8999,"= HYPERLINK(""https://dealsheaven.in/deal/elica-60-cm-1100-m3hr-chimney-escg-bf-60-nero-1-baffle-filter-black"",""Link"")",4.5
"Rush Premium 50 Mtr Nutri Wrap Food Wrapping Paper Roll with Sealing Sticker, Non-Sticky Butter Paper Roll for Roti Use as Parchment Paper for baking cake, Kitchen Roll Paper or roti clothes wrap","=HYPERLINK(""https://m.media-amazon.com/images/I/41PxbvyGfbL._SL160_.jpg"",""Image"")",₹800,77%,₹179,"= HYPERLINK(""https://dealsheaven.in/deal/rush-premium-50-mtr-nutri-wrap-food-wrapping-paper-roll-with-sealing-sticker-non-sticky-butter-paper-roll-for-roti-use-as-parchment-paper-for-baking-cake-kitchen-roll-paper-or-roti-clothes-wrap"",""Link"")",0.0
Blaupunkt Newly Launched SBW100 Pro+ 2.1 CH Soundbar with Wired Subwoofeer I 100W RMS I HDMI-ARC I Bluetooth I AUX I USB I Remote Control with Equalizer,"=HYPERLINK(""https://m.media-amazon.com/images/I/31q+t38McyL._SL160_.jpg"",""Image"")",₹14990,70%,₹4449,"= HYPERLINK(""https://dealsheaven.in/deal/blaupunkt-newly-launched-sbw100-pro-21-ch-soundbar-with-wired-subwoofeer-i-100w-rms-i-hdmi-arc-i-bluetooth-i-aux-i-usb-i-remote-control-with-equalizer"",""Link"")",0.0
"Longway Vesta 5.5 Ltr 5 Star Rated Instant Water Heater for Home with Advanced Multi-Layered Safety System & Anti-Rust Coating |Suitable for Kitchen & Bathroom | 5 Year Warranty (Gray, 5.5 Ltr)","=HYPERLINK(""https://m.media-amazon.com/images/I/41lvuO1R72L._SL160_.jpg"",""Image"")",₹5499,54%,₹2499,"= HYPERLINK(""https://dealsheaven.in/deal/longway-vesta-55-ltr-5-star-rated-instant-water-heater-for-home-with-advanced-multi-layered-safety-system-anti-rust-coating-suitable-for-kitchen-bathroom-5-year-warranty-gray-55-ltr"",""Link"")",0.0
"Vector X Blast-7.0 Stud Cricket Shoes, Synthetic Upper, Rubber Outsole, Designed to Elevate Your Game to New Heights Power, Precision, and Comfort(White-Black) Size- 5","=HYPERLINK(""https://m.media-amazon.com/images/I/41SQuf89bGL._SL160_.jpg"",""Image"")",₹2549,82%,₹449,"= HYPERLINK(""https://dealsheaven.in/deal/vector-x-blast-70-stud-cricket-shoes-synthetic-upper-rubber-outsole-designed-to-elevate-your-game-to-new-heights-power-precision-and-comfortwhite-black-size-5"",""Link"")",0.0
"Faber 60 cm,3 way suction ,1095 m3/hr chimney with 3 Jar mixer grinder ( COMBO HOOD TENDER 3D PB BK 60+MIXER) Push button, Black","=HYPERLINK(""https://m.media-amazon.com/images/I/31kKh3Qt4HL._SL160_.jpg"",""Image"")",₹27990,72%,₹7591,"= HYPERLINK(""https://dealsheaven.in/deal/faber-60-cm3-way-suction-1095-m3hr-chimney-with-3-jar-mixer-grinder-combo-hood-tender-3d-pb-bk-60mixer-push-button-black"",""Link"")",0.0
Orient electric Areva fan heater|2000W power|2 heating modes|Compact design |1 year replacement warranty,"=HYPERLINK(""https://m.media-amazon.com/images/I/41024ttcJAL._SL160_.jpg"",""Image"")",₹3590,63%,₹1299,"= HYPERLINK(""https://dealsheaven.in/deal/orient-electric-areva-fh20wp-20001000-watts-fan-room-heater-with-adjustable-thermostat-white"",""Link"")",0.0
Maharaja Viva Steller Electric Kettle | 1.5L | 1350W Power | Stainless-steel Kettle | Dry Boil Protection | Concealed Heating Element & Overheating Protection | Auto Shut Off | 1 Yr Warranty,"=HYPERLINK(""https://m.media-amazon.com/images/I/319BTGektYL._SL160_.jpg"",""Image"")",₹1350,51%,₹649,"= HYPERLINK(""https://dealsheaven.in/deal/maharaja-viva-steller-electric-kettle-15l-1350w-power-stainless-steel-kettle-dry-boil-protection-concealed-heating-element-overheating-protection-auto-shut-off-1-yr-warranty"",""Link"")",0.0
Nike Girl's 100% Cotton Above The Knee Dress (CK2776-101_White/Bleached Coral/Black_M),"=HYPERLINK(""https://m.media-amazon.com/images/I/411A3yYSsnL._SL160_.jpg"",""Image"")",₹2495,66%,₹824,"= HYPERLINK(""https://dealsheaven.in/deal/nike-girls-100-cotton-above-the-knee-dress-ck2776-101-whitebleached-coralblack-m"",""Link"")",0.0
"Portronics Adapto 62 2.4A 12W Mach USB Port USB Fast Wall Charger, BIS Certified, Made in India,Single USB Charging Adapter for iPhone 11/Xs/XS Max/XR/X/8/7/6/Plus, iPad Pro/Air 2/Mini 3/Mini 4(Black)","=HYPERLINK(""https://m.media-amazon.com/images/I/31JwvD26o3L._SL160_.jpg"",""Image"")",₹399,57%,₹169,"= HYPERLINK(""https://dealsheaven.in/deal/portronics-adapto-62-usb-wall-adapter-without-cable-24a-fast-charging-single-usb-port-for-all-ios-android-devices-black"",""Link"")",0.0
"KARACHI BAKERY KARACHI HALWA,200g","=HYPERLINK(""https://m.media-amazon.com/images/I/41OXMbe+eyL._SL160_.jpg"",""Image"")",₹150,43%,₹85,"= HYPERLINK(""https://dealsheaven.in/deal/karachi-bakery-karachi-halwa200g"",""Link"")",0.0
GANESH Plastic Quadra Tea Coaster Set for Dining Table for Hot Pots - Coasters for Cups Set of 6,"=HYPERLINK(""https://m.media-amazon.com/images/I/31k78WKapCL._SL160_.jpg"",""Image"")",₹156,37%,₹98,"= HYPERLINK(""https://dealsheaven.in/deal/ganesh-plastic-quadra-tea-coaster-set-for-dining-table-for-hot-pots-coasters-for-cups-set-of-6"",""Link"")",0.0
Kwality Pani Puri kit 43 pcs with 2 Different Flavours Sweet and Spicy Pani Powder 150g [Pack 1],"=HYPERLINK(""https://m.media-amazon.com/images/I/81Seh7D62-L._SL1500_.jpg"",""Image"")",₹100,40%,₹60,"= HYPERLINK(""https://dealsheaven.in/deal/kwality-pani-puri-kit-43-pcs-with-2-different-flavours-sweet-and-spicy-pani-powder-150g-pack-1"",""Link"")",0.0
Nike Girl's Fitted T-Shirt (CN0836-010_Black L),"=HYPERLINK(""https://m.media-amazon.com/images/I/31wWjXFn8xL._SL160_.jpg"",""Image"")",₹1195,54%,₹539,"= HYPERLINK(""https://dealsheaven.in/deal/nike-girls-fitted-t-shirt-cn0836-010-black-l"",""Link"")",0.0
Safari ARC Polyester 55 cms Blue Travel Duffle (ARC55RLBLU),"=HYPERLINK(""https://m.media-amazon.com/images/I/41MZmB2w1PL._SL160_.jpg"",""Image"")",₹13620,91%,₹1199,"= HYPERLINK(""https://dealsheaven.in/deal/safari-arc-polyester-55-cms-blue-travel-duffle-arc55rlblu"",""Link"")",0.0
"Good Karma 2 Ply Eco-Friendly Unbleached Facial Tissue Box | Car Tissue - Pack of 2 (100 Pulls Per Box, 200 Sheets)","=HYPERLINK(""https://m.media-amazon.com/images/I/41YJPtQs-PL._SL160_.jpg"",""Image"")",₹400,75%,₹98,"= HYPERLINK(""https://dealsheaven.in/deal/good-karma-2-ply-eco-friendly-unbleached-facial-tissue-box-car-tissue-pack-of-2-100-pulls-per-box-200-sheets"",""Link"")",0.0
"PHILIPS Hue Gen 3 Smart Light E27 Color Ambiance 9W Bulb, Bluetooth & Zigbee Compatible Hue Bridge Optional, Compatible with Alexa & Google Assistant, White, Pack of 1","=HYPERLINK(""https://m.media-amazon.com/images/I/217Uh0cy7kL._SL160_.jpg"",""Image"")",₹0,N/A,₹220,"= HYPERLINK(""https://dealsheaven.in/deal/philips-hue-gen-3-smart-light-e27-color-ambiance-9w-bulb-bluetooth-zigbee-compatible-hue-bridge-optional-compatible-with-alexa-google-assistant-white-pack-of-1"",""Link"")",0.0
Aristo Store Queen111 Plastic Storage Container-320 ml (4 PCS SET),"=HYPERLINK(""https://m.media-amazon.com/images/I/516lrWHQicL._SL160_.jpg"",""Image"")",₹130,35%,₹84,"= HYPERLINK(""https://dealsheaven.in/deal/aristo-store-queen111-plastic-storage-container-320-ml-4-pcs-set"",""Link"")",0.0
"Attro Helix Plastic Unbreakable Fridge 1000ml Water Bottle for Office, Sports, School, Travelling, Gym, Yoga-BPA And Leak Free, Assorted - Set of 2","=HYPERLINK(""https://m.media-amazon.com/images/I/31bNCRzjTAL._SL160_.jpg"",""Image"")",₹300,73%,₹79,"= HYPERLINK(""https://dealsheaven.in/deal/attro-helix-plastic-unbreakable-fridge-1000ml-water-bottle-for-office-sports-school-travelling-gym-yoga-bpa-and-leak-free-assorted-set-of-2"",""Link"")",0.0
"AMIFIT Premium Hand Grip Strengthener with Foam Handle, Hand Gripper for Men & Women for Gym Workout Hand Exercise Equipment to Use in Home (Blue-Black)","=HYPERLINK(""https://m.media-amazon.com/images/I/41oBJ0jvJsL._SL160_.jpg"",""Image"")",₹399,82%,₹69,"= HYPERLINK(""https://dealsheaven.in/deal/amifit-premium-hand-grip-strengthener-with-foam-handle-hand-gripper-for-men-women-for-gym-workout-hand-exercise-equipment-to-use-in-home-blue-black"",""Link"")",0.0
Havells Vestio Steam Iron Press 1600 Watts With Anti Drip Self Cleaning Function | Horizontal & Vertical Steam | Non Stick Coated Sole Plate | 2 Years manufacturer Warranty (Blue),"=HYPERLINK(""https://m.media-amazon.com/images/I/41NdzOi9+SL._SL160_.jpg"",""Image"")",₹2549,35%,₹1649,"= HYPERLINK(""https://dealsheaven.in/deal/havells-vestio-steam-iron-press-1600-watts-with-anti-drip-self-cleaning-function-horizontal-vertical-steam-non-stick-coated-sole-plate-2-years-manufacturer-warranty-blue"",""Link"")",0.0
Reebok Men Synthetic/Textile Fitness 24/7 M Running Shoes Black/Golden Bronze UK-8,"=HYPERLINK(""https://m.media-amazon.com/images/I/410wcdJps4L._SL160_.jpg"",""Image"")",₹3299,69%,₹1020,"= HYPERLINK(""https://dealsheaven.in/deal/reebok-men-synthetictextile-fitness-247-m-running-shoes-blackgolden-bronze-uk-8"",""Link"")",0.0
Amazon Basics 400 mm 2-in-1 BLDC Pedestal Fan with Remote Control and 26 Speed Fuctions | 5 star rated with efficient Copper Motor | White,"=HYPERLINK(""https://m.media-amazon.com/images/I/6198IRNGx5L._SL1500_.jpg"",""Image"")",₹6699,58%,₹2799,"= HYPERLINK(""https://dealsheaven.in/deal/amazon-basics-400-mm-2-in-1-bldc-pedestal-fan-with-remote-control-and-26-speed-fuctions-5-star-rated-with-efficient-copper-motor-white"",""Link"")",0.0
"Haans AB Roller Wheel for Muscle Training, Tighten Waist and Abdomen, Abdominal Exercise Core Workout Gym Equipment for Men and Women (Orange)","=HYPERLINK(""https://m.media-amazon.com/images/I/41Dvy9ZeKmL._SL160_.jpg"",""Image"")",₹1999,83%,₹335,"= HYPERLINK(""https://dealsheaven.in/deal/haans-ab-roller-wheel-for-muscle-training-tighten-waist-and-abdomen-abdominal-exercise-core-workout-gym-equipment-for-men-and-women-orange"",""Link"")",0.0
Wahl 1411.0010 Corded Trimmer (Black),"=HYPERLINK(""https://m.media-amazon.com/images/I/21BTcoMBq5L._SL160_.jpg"",""Image"")",₹3500,80%,₹699,"= HYPERLINK(""https://dealsheaven.in/deal/wahl-14110010-corded-trimmer-black"",""Link"")",0.0
"Haans AB Roller Wheel for Muscle Training, Tighten Waist and Abdomen, Abdominal Exercise Core Workout Gym Equipment for Men and Women (Blue)","=HYPERLINK(""https://m.media-amazon.com/images/I/41O7wpOrReL._SL160_.jpg"",""Image"")",₹1999,81%,₹373,"= HYPERLINK(""https://dealsheaven.in/deal/haans-ab-roller-wheel-for-muscle-training-tighten-waist-and-abdomen-abdominal-exercise-core-workout-gym-equipment-for-men-and-women-blue"",""Link"")",0.0
Campus Men's Ignite PRO BLU/RED Running Shoes - 6UK/India 22G-287,"=HYPERLINK(""https://m.media-amazon.com/images/I/41wQbOeO1ML._SL160_.jpg"",""Image"")",₹1099,58%,₹459,"= HYPERLINK(""https://dealsheaven.in/deal/campus-mens-ignite-pro-blured-running-shoes-6ukindia-22g-287"",""Link"")",0.0
VW Sonic Bar | 120W Soundbar | 2.1 Channel Home Theatre | 5.25 Wired Subwoofer | Multiple Connectivity & Sleek Design (Black),"=HYPERLINK(""https://m.media-amazon.com/images/I/31MeyMmehgL._SL160_.jpg"",""Image"")",₹16999,76%,₹3999,"= HYPERLINK(""https://dealsheaven.in/deal/vw-sonic-bar-120w-soundbar-21-channel-home-theatre-525-wired-subwoofer-multiple-connectivity-sleek-design-black"",""Link"")",0.0
Park Avenue Men Neo Signature Collection | Deodorant Spray | Fresh Long-Lasting Aroma | 150Ml Each (Pack Of 2),"=HYPERLINK(""https://m.media-amazon.com/images/I/416KImj2teL._SL160_.jpg"",""Image"")",₹500,60%,₹199,"= HYPERLINK(""https://dealsheaven.in/deal/park-avenue-men-neo-signature-collection-deodorant-spray-fresh-long-lasting-aroma-150ml-each-pack-of-2"",""Link"")",0.0
Campus Men's Brazil PRO Full BLK/Golden Training/Gym Shoes - 6UK/India 11G-749,"=HYPERLINK(""https://m.media-amazon.com/images/I/41pNbvsvZrL._SL160_.jpg"",""Image"")",₹1599,61%,₹611,"= HYPERLINK(""https://dealsheaven.in/deal/campus-mens-brazil-pro-full-blkgolden-traininggym-shoes-6ukindia-11g-749"",""Link"")",0.0
crocs Unisex Adult Classic Spray Dye Flip WHI/MLTI White Slipper (208056-94S),"=HYPERLINK(""https://m.media-amazon.com/images/I/31ha0O2DB4L._SL160_.jpg"",""Image"")",₹2295,54%,₹1052,"= HYPERLINK(""https://dealsheaven.in/deal/crocs-unisex-adult-classic-spray-dye-flip-whimlti-white-slipper-208056-94s"",""Link"")",0.0
Puma Mens Foam Stride Navy-Fizzy Lime-White Running Shoe - 9UK (37999202),"=HYPERLINK(""https://m.media-amazon.com/images/I/41OS1EpY+qL._SL160_.jpg"",""Image"")",₹4499,70%,₹1349,"= HYPERLINK(""https://dealsheaven.in/deal/puma-mens-foam-stride-navy-fizzy-lime-white-running-shoe-9uk-37999202"",""Link"")",0.0
