Company,Job Title,Description,Time Posted,Location,image_url
Human Global,Art Director,talented Art and Video Editor with 3-4 years of experience,8 hours ago,Anywhere,https://mir-s3-cdn-cf.behance.net/7d932bdafc03fd47141af38fd407589f/be59e7df-f918-48de-9011-f0b87ed3e8fa_acc_180x180.png?h=1ad2417de6d2729d9f133a5772ebe68f
Blueberry Media,Graphic Designer,Looking for a Graphic Designer for Social Media,9 hours ago,Anywhere,https://mir-s3-cdn-cf.behance.net/7d932bdafc03fd47141af38fd407589f/be59e7df-f918-48de-9011-f0b87ed3e8fa_acc_180x180.png?h=1ad2417de6d2729d9f133a5772ebe68f
ALLEGORY,"Branding, Graphic Design, Illustration","Seeking a creative for branding, graphic designer, and sometimes, an illustrator.",17 hours ago,Anywhere,https://mir-s3-cdn-cf.behance.net/7d932bdafc03fd47141af38fd407589f/be59e7df-f918-48de-9011-f0b87ed3e8fa_acc_180x180.png?h=1ad2417de6d2729d9f133a5772ebe68f
AQOMI,Creative Illustrator & Cartoon Artist,üöÄ Calling All Creative Wizards of the Comic Multiverse! üé®‚ú®,19 hours ago,Anywhere,https://mir-s3-cdn-cf.behance.net/7d932bdafc03fd47141af38fd407589f/be59e7df-f918-48de-9011-f0b87ed3e8fa_acc_180x180.png?h=1ad2417de6d2729d9f133a5772ebe68f
The Social Ana,Graphic Designer,We are looking for a talented graphic designer to join our team,a day ago,Anywhere,https://mir-s3-cdn-cf.behance.net/7d932bdafc03fd47141af38fd407589f/be59e7df-f918-48de-9011-f0b87ed3e8fa_acc_180x180.png?h=1ad2417de6d2729d9f133a5772ebe68f
Luck & Co,Email Designer at Luck & Co,"Looking for an EMAIL designer. Fully remote. Start part-time, going into full-time.",3 days ago,Anywhere,https://mir-s3-cdn-cf.behance.net/7d932bdafc03fd47141af38fd407589f/be59e7df-f918-48de-9011-f0b87ed3e8fa_acc_180x180.png?h=1ad2417de6d2729d9f133a5772ebe68f
InsuranceMarket.ae,Graphics Designer,We are looking for an Amazing Graphics Designer who can create amazing animations & static,4 days ago,Anywhere,https://mir-s3-cdn-cf.behance.net/7d932bdafc03fd47141af38fd407589f/be59e7df-f918-48de-9011-f0b87ed3e8fa_acc_180x180.png?h=1ad2417de6d2729d9f133a5772ebe68f
VDP Design International Ltd.,Full-time Senior Archviz Talent,VDP is searching for remote 3D Visualization Super Stars!,4 days ago,Anywhere,https://mir-s3-cdn-cf.behance.net/7d932bdafc03fd47141af38fd407589f/be59e7df-f918-48de-9011-f0b87ed3e8fa_acc_180x180.png?h=1ad2417de6d2729d9f133a5772ebe68f
Dcmarketing.io,Viral Capcut Canva Editor,Capcut editor and Canva,5 days ago,Anywhere,https://mir-s3-cdn-cf.behance.net/7d932bdafc03fd47141af38fd407589f/be59e7df-f918-48de-9011-f0b87ed3e8fa_acc_180x180.png?h=1ad2417de6d2729d9f133a5772ebe68f
roblox,Senior Game Art Designer„ÄäRemotely available„Äã,Senior Game Art Designer„ÄäRemotely available„Äã,5 days ago,Anywhere,https://mir-s3-cdn-cf.behance.net/7d932bdafc03fd47141af38fd407589f/be59e7df-f918-48de-9011-f0b87ed3e8fa_acc_180x180.png?h=1ad2417de6d2729d9f133a5772ebe68f
EXELA PUBLISHING HOUSE,GRAPHIC DESIGNER,WE ARE LOOKING FOR GRAPHIC DESIGNER.,6 days ago,Anywhere,https://mir-s3-cdn-cf.behance.net/7d932bdafc03fd47141af38fd407589f/be59e7df-f918-48de-9011-f0b87ed3e8fa_acc_180x180.png?h=1ad2417de6d2729d9f133a5772ebe68f
Lucky Rabbit,Director de Arte senior - dise√±ador motion grapher,Director de arte motion graphic,8 days ago,Anywhere,https://mir-s3-cdn-cf.behance.net/7d932bdafc03fd47141af38fd407589f/be59e7df-f918-48de-9011-f0b87ed3e8fa_acc_180x180.png?h=1ad2417de6d2729d9f133a5772ebe68f
Stackit Digital,Multi-Talented Designer and Animator for Website and Brand Design,We're looking for a multi-talented designer and animator for website and brand design,8 days ago,Anywhere,https://mir-s3-cdn-cf.behance.net/7d932bdafc03fd47141af38fd407589f/be59e7df-f918-48de-9011-f0b87ed3e8fa_acc_180x180.png?h=1ad2417de6d2729d9f133a5772ebe68f
EMPIRE COSMIC,Graphic Novel - Background Artist,Background Artist for Ongoing Graphic Novel Project,9 days ago,Anywhere,https://mir-s3-cdn-cf.behance.net/7d932bdafc03fd47141af38fd407589f/be59e7df-f918-48de-9011-f0b87ed3e8fa_acc_180x180.png?h=1ad2417de6d2729d9f133a5772ebe68f
Empire Cosmic,Graphic Novel - Colourist,Colourist for ongoing graphic novel,9 days ago,Anywhere,https://mir-s3-cdn-cf.behance.net/7d932bdafc03fd47141af38fd407589f/be59e7df-f918-48de-9011-f0b87ed3e8fa_acc_180x180.png?h=1ad2417de6d2729d9f133a5772ebe68f
roblox,Senior Game Art Designer„ÄäRemotely available„Äã,Senior Game Art Designer„ÄäRemotely available„Äã,5 days ago,Anywhere,https://mir-s3-cdn-cf.behance.net/7d932bdafc03fd47141af38fd407589f/be59e7df-f918-48de-9011-f0b87ed3e8fa_acc_180x180.png?h=1ad2417de6d2729d9f133a5772ebe68f
EXELA PUBLISHING HOUSE,GRAPHIC DESIGNER,WE ARE LOOKING FOR GRAPHIC DESIGNER.,6 days ago,Anywhere,https://mir-s3-cdn-cf.behance.net/7d932bdafc03fd47141af38fd407589f/be59e7df-f918-48de-9011-f0b87ed3e8fa_acc_180x180.png?h=1ad2417de6d2729d9f133a5772ebe68f
Lucky Rabbit,Director de Arte senior - dise√±ador motion grapher,Director de arte motion graphic,8 days ago,Anywhere,https://mir-s3-cdn-cf.behance.net/7d932bdafc03fd47141af38fd407589f/be59e7df-f918-48de-9011-f0b87ed3e8fa_acc_180x180.png?h=1ad2417de6d2729d9f133a5772ebe68f
Stackit Digital,Multi-Talented Designer and Animator for Website and Brand Design,We're looking for a multi-talented designer and animator for website and brand design,8 days ago,Anywhere,https://mir-s3-cdn-cf.behance.net/7d932bdafc03fd47141af38fd407589f/be59e7df-f918-48de-9011-f0b87ed3e8fa_acc_180x180.png?h=1ad2417de6d2729d9f133a5772ebe68f
EMPIRE COSMIC,Graphic Novel - Background Artist,Background Artist for Ongoing Graphic Novel Project,9 days ago,Anywhere,https://mir-s3-cdn-cf.behance.net/7d932bdafc03fd47141af38fd407589f/be59e7df-f918-48de-9011-f0b87ed3e8fa_acc_180x180.png?h=1ad2417de6d2729d9f133a5772ebe68f
Empire Cosmic,Graphic Novel - Colourist,Colourist for ongoing graphic novel,9 days ago,Anywhere,https://mir-s3-cdn-cf.behance.net/7d932bdafc03fd47141af38fd407589f/be59e7df-f918-48de-9011-f0b87ed3e8fa_acc_180x180.png?h=1ad2417de6d2729d9f133a5772ebe68f
Kurrent,Graphic Designer - Digital Marketing & Design,Looking for enthusiastic Graphic Designers with a keen eye for current trends!,10 days ago,Anywhere,https://mir-s3-cdn-cf.behance.net/7d932bdafc03fd47141af38fd407589f/be59e7df-f918-48de-9011-f0b87ed3e8fa_acc_180x180.png?h=1ad2417de6d2729d9f133a5772ebe68f
AQOMI,Jr. Creative Designer,Do you have a unique style?,10 days ago,Anywhere,https://mir-s3-cdn-cf.behance.net/7d932bdafc03fd47141af38fd407589f/be59e7df-f918-48de-9011-f0b87ed3e8fa_acc_180x180.png?h=1ad2417de6d2729d9f133a5772ebe68f
Example Structure,Facebook Ad Designer,Create high-performing clickbait Facebook ads and Landing Pages,11 days ago,Anywhere,https://mir-s3-cdn-cf.behance.net/7d932bdafc03fd47141af38fd407589f/be59e7df-f918-48de-9011-f0b87ed3e8fa_acc_180x180.png?h=1ad2417de6d2729d9f133a5772ebe68f
Atla*,UI/UX Designer (Remote/ part-time),We are looking for a part-time designer.,11 days ago,Anywhere,https://mir-s3-cdn-cf.behance.net/7d932bdafc03fd47141af38fd407589f/be59e7df-f918-48de-9011-f0b87ed3e8fa_acc_180x180.png?h=1ad2417de6d2729d9f133a5772ebe68f
LOBO STUDIO,Full-Time 3D Archviz Artist (Remote),3D Architectural Visualization (Archviz) Artist,11 days ago,Anywhere,https://mir-s3-cdn-cf.behance.net/7d932bdafc03fd47141af38fd407589f/be59e7df-f918-48de-9011-f0b87ed3e8fa_acc_180x180.png?h=1ad2417de6d2729d9f133a5772ebe68f
SkyHouse Agency,Facebook Ad Designer,Create high-performing clickbait Facebook ads and Landing Pages,11 days ago,Anywhere,https://mir-s3-cdn-cf.behance.net/7d932bdafc03fd47141af38fd407589f/be59e7df-f918-48de-9011-f0b87ed3e8fa_acc_180x180.png?h=1ad2417de6d2729d9f133a5772ebe68f
B.house Comunica√ß√£o,"Diretor Criativo, designer gr√°fico",Head de cria√ß√£o / Designer Gr√°fico,12 days ago,Anywhere,https://mir-s3-cdn-cf.behance.net/7d932bdafc03fd47141af38fd407589f/be59e7df-f918-48de-9011-f0b87ed3e8fa_acc_180x180.png?h=1ad2417de6d2729d9f133a5772ebe68f
AQOMI,Art Director,Are you an Art Director?,13 days ago,Anywhere,https://mir-s3-cdn-cf.behance.net/7d932bdafc03fd47141af38fd407589f/be59e7df-f918-48de-9011-f0b87ed3e8fa_acc_180x180.png?h=1ad2417de6d2729d9f133a5772ebe68f
Studio PI,Video Editor,"Full-time hybrid role for editing, coloring and motion graphics",13 days ago,Anywhere,https://mir-s3-cdn-cf.behance.net/7d932bdafc03fd47141af38fd407589f/be59e7df-f918-48de-9011-f0b87ed3e8fa_acc_180x180.png?h=1ad2417de6d2729d9f133a5772ebe68f
SR BRANDER,Dise√±ador de personajes 3D,Dise√±ador de personajes 3D para agencia de branding,14 days ago,Anywhere,https://mir-s3-cdn-cf.behance.net/7d932bdafc03fd47141af38fd407589f/be59e7df-f918-48de-9011-f0b87ed3e8fa_acc_180x180.png?h=1ad2417de6d2729d9f133a5772ebe68f
Octopus,Graphiste - BELGIUM ONLY !!!!,üêô Octopus est √† la recherche d‚Äôun graphiste cr√©atif pour renforcer son √©quipe.,15 days ago,Anywhere,https://mir-s3-cdn-cf.behance.net/7d932bdafc03fd47141af38fd407589f/be59e7df-f918-48de-9011-f0b87ed3e8fa_acc_180x180.png?h=1ad2417de6d2729d9f133a5772ebe68f
Empire Cosmic,Graphic Novel Illustrator,Graphic Novel Artist for Multi-volume Project,15 days ago,Anywhere,https://mir-s3-cdn-cf.behance.net/7d932bdafc03fd47141af38fd407589f/be59e7df-f918-48de-9011-f0b87ed3e8fa_acc_180x180.png?h=1ad2417de6d2729d9f133a5772ebe68f
Creativ Medium,"Creative Technologist (Consulting Basis, Remote, Project-Based)","Creative Technologist (Consulting Basis, Remote, Project-Based)",17 days ago,Anywhere,https://mir-s3-cdn-cf.behance.net/7d932bdafc03fd47141af38fd407589f/be59e7df-f918-48de-9011-f0b87ed3e8fa_acc_180x180.png?h=1ad2417de6d2729d9f133a5772ebe68f
Wondrous Creations,Web Artist / Web Designer,We're on the lookout for a web designer / web artist to work with our small team.,19 days ago,Anywhere,https://mir-s3-cdn-cf.behance.net/7d932bdafc03fd47141af38fd407589f/be59e7df-f918-48de-9011-f0b87ed3e8fa_acc_180x180.png?h=1ad2417de6d2729d9f133a5772ebe68f
Tenmato j.d.o.o.,Children Comics illustrator,21 paged Children Comics.,19 days ago,Anywhere,https://mir-s3-cdn-cf.behance.net/7d932bdafc03fd47141af38fd407589f/be59e7df-f918-48de-9011-f0b87ed3e8fa_acc_180x180.png?h=1ad2417de6d2729d9f133a5772ebe68f
Make Relish,"Remote Motion Graphics Artist - Argentina, Colombia, Indonesia, India, Malaysia, Mexico, Peru, Philippines",We are looking for an awesome Motion Graphics Artists!,22 days ago,Anywhere,https://mir-s3-cdn-cf.behance.net/7d932bdafc03fd47141af38fd407589f/be59e7df-f918-48de-9011-f0b87ed3e8fa_acc_180x180.png?h=1ad2417de6d2729d9f133a5772ebe68f
"O2, INC",Branding Designer,We are seeking a talented and creative Brand Designer to join our team remotely.,22 days ago,Anywhere,https://mir-s3-cdn-cf.behance.net/7d932bdafc03fd47141af38fd407589f/be59e7df-f918-48de-9011-f0b87ed3e8fa_acc_180x180.png?h=1ad2417de6d2729d9f133a5772ebe68f
Everbook,Illustrator for children's books & romantic books,We're looking for an illustrator with a wonderful style,22 days ago,Anywhere,https://mir-s3-cdn-cf.behance.net/7d932bdafc03fd47141af38fd407589f/be59e7df-f918-48de-9011-f0b87ed3e8fa_acc_180x180.png?h=1ad2417de6d2729d9f133a5772ebe68f
Puentte Estudio,Motion Designer,Motion Designer,22 days ago,Anywhere,https://mir-s3-cdn-cf.behance.net/7d932bdafc03fd47141af38fd407589f/be59e7df-f918-48de-9011-f0b87ed3e8fa_acc_180x180.png?h=1ad2417de6d2729d9f133a5772ebe68f
Digital Champ,Graphic / UI UX & Video Editor,Create impactful visuals with innovation at Digital Champ. Apply now!,25 days ago,Anywhere,https://mir-s3-cdn-cf.behance.net/7d932bdafc03fd47141af38fd407589f/be59e7df-f918-48de-9011-f0b87ed3e8fa_acc_180x180.png?h=1ad2417de6d2729d9f133a5772ebe68f
"O2, INC",Motion Graphics Designer,Remote working Motion Graphics Designer Wanted,25 days ago,Anywhere,https://mir-s3-cdn-cf.behance.net/7d932bdafc03fd47141af38fd407589f/be59e7df-f918-48de-9011-f0b87ed3e8fa_acc_180x180.png?h=1ad2417de6d2729d9f133a5772ebe68f
stellenmanufaktur,Webdesigner und Webprogrammierer gesucht (m/w/d),"Wir sind ein aufstrebendes Unternehmen, das marketingorientierte Internetl√∂sungen in ...",a month ago,Anywhere,https://mir-s3-cdn-cf.behance.net/7d932bdafc03fd47141af38fd407589f/be59e7df-f918-48de-9011-f0b87ed3e8fa_acc_180x180.png?h=1ad2417de6d2729d9f133a5772ebe68f
stellenmanufaktur,Web Developer gesucht (m/w/d),"Jede geniale Idee braucht jemanden, der sie umsetzt.",a month ago,Anywhere,https://mir-s3-cdn-cf.behance.net/7d932bdafc03fd47141af38fd407589f/be59e7df-f918-48de-9011-f0b87ed3e8fa_acc_180x180.png?h=1ad2417de6d2729d9f133a5772ebe68f
Addiction Foods Pte. Ltd.,Packaging & Graphics Designer,We are looking for a highly creative and detail-oriented Packaging & Graphic Designer,a month ago,Anywhere,https://mir-s3-cdn-cf.behance.net/7d932bdafc03fd47141af38fd407589f/be59e7df-f918-48de-9011-f0b87ed3e8fa_acc_180x180.png?h=1ad2417de6d2729d9f133a5772ebe68f
Prime Scale Creative,Senior Graphic Designer,Seeking senior-level graphic designer to lead branding and design projects.,a month ago,Anywhere,https://mir-s3-cdn-cf.behance.net/7d932bdafc03fd47141af38fd407589f/be59e7df-f918-48de-9011-f0b87ed3e8fa_acc_180x180.png?h=1ad2417de6d2729d9f133a5772ebe68f
Metadome.ai,UI/UX Designer,We are looking for a product designer from the home decor industry,4 hours ago,Anywhere,https://mir-s3-cdn-cf.behance.net/7d932bdafc03fd47141af38fd407589f/be59e7df-f918-48de-9011-f0b87ed3e8fa_acc_180x180.png?h=1ad2417de6d2729d9f133a5772ebe68f
FID World,Graphic Designer,Full time remote graphic designer with $400 monthly salary,4 hours ago,Anywhere,https://mir-s3-cdn-cf.behance.net/7d932bdafc03fd47141af38fd407589f/be59e7df-f918-48de-9011-f0b87ed3e8fa_acc_180x180.png?h=1ad2417de6d2729d9f133a5772ebe68f
Sphere Rocket VA,Ads Specialist,We are looking for Ads Specialist,6 hours ago,Anywhere,https://mir-s3-cdn-cf.behance.net/7d932bdafc03fd47141af38fd407589f/be59e7df-f918-48de-9011-f0b87ed3e8fa_acc_180x180.png?h=1ad2417de6d2729d9f133a5772ebe68f
RN Production Firm,Seeking Experienced Professional 3D Modeler,Seeking Experienced Professional 3D Modeler,8 hours ago,Anywhere,https://mir-s3-cdn-cf.behance.net/7d932bdafc03fd47141af38fd407589f/be59e7df-f918-48de-9011-f0b87ed3e8fa_acc_180x180.png?h=1ad2417de6d2729d9f133a5772ebe68f
yMedia.io,Graphic Designer,"Join yMedia as a Graphic Designer, shape brands, and unleash creativity!",8 hours ago,Anywhere,https://mir-s3-cdn-cf.behance.net/7d932bdafc03fd47141af38fd407589f/be59e7df-f918-48de-9011-f0b87ed3e8fa_acc_180x180.png?h=1ad2417de6d2729d9f133a5772ebe68f
IRIS Communications [Egypt],Frontend Developer,"Senior UI Developer for Ecommerce, Apps",9 hours ago,Anywhere,https://mir-s3-cdn-cf.behance.net/7d932bdafc03fd47141af38fd407589f/be59e7df-f918-48de-9011-f0b87ed3e8fa_acc_180x180.png?h=1ad2417de6d2729d9f133a5772ebe68f
Kraftbase,Motion Designer,We're Hiring: Motion Designer,15 hours ago,Anywhere,https://mir-s3-cdn-cf.behance.net/7d932bdafc03fd47141af38fd407589f/be59e7df-f918-48de-9011-f0b87ed3e8fa_acc_180x180.png?h=1ad2417de6d2729d9f133a5772ebe68f
Bedford,Graphic Designer (Email) - Full Time - 100% Remote,Email Designer needed to create high-converting campaigns for leading US ecommerce brands,20 hours ago,Anywhere,https://mir-s3-cdn-cf.behance.net/7d932bdafc03fd47141af38fd407589f/be59e7df-f918-48de-9011-f0b87ed3e8fa_acc_180x180.png?h=1ad2417de6d2729d9f133a5772ebe68f
HRB,Community Manager (Cervecer√≠a),Reconocida Cervecer√≠a artesanal y restaurante,a day ago,Anywhere,https://mir-s3-cdn-cf.behance.net/7d932bdafc03fd47141af38fd407589f/be59e7df-f918-48de-9011-f0b87ed3e8fa_acc_180x180.png?h=1ad2417de6d2729d9f133a5772ebe68f
Shaman Agency,–ì—Ä–∞—Ñ–∏—á–µ—Å–∫–∏–π –¥–∏–∑–∞–π–Ω–µ—Ä,–ò—â–µ–º –≥—Ä–∞—Ñ. –¥–∏–∑–∞–π–Ω–µ—Ä–∞ —Å —Ö–æ—Ä–æ—à–∏–º –æ–ø—ã—Ç–æ–º –≤ —É–ø–∞–∫–æ–≤–∫–µ –∏ —ç—Ç–∏–∫–µ—Ç–∫–µ,a day ago,Anywhere,https://mir-s3-cdn-cf.behance.net/7d932bdafc03fd47141af38fd407589f/be59e7df-f918-48de-9011-f0b87ed3e8fa_acc_180x180.png?h=1ad2417de6d2729d9f133a5772ebe68f
Aari India,UI/UX Designer,Magento Developer,a day ago,Anywhere,https://mir-s3-cdn-cf.behance.net/7d932bdafc03fd47141af38fd407589f/be59e7df-f918-48de-9011-f0b87ed3e8fa_acc_180x180.png?h=1ad2417de6d2729d9f133a5772ebe68f
Dezinn & Co.,Graphic Design Intern,Lookout for a creative Graphic Designer to join Dezinn,a day ago,Anywhere,https://mir-s3-cdn-cf.behance.net/7d932bdafc03fd47141af38fd407589f/be59e7df-f918-48de-9011-f0b87ed3e8fa_acc_180x180.png?h=1ad2417de6d2729d9f133a5772ebe68f
Dezinn & Co.,Graphic Designer,Lookout for a creative Graphic Designer to join Dezinn,a day ago,Anywhere,https://mir-s3-cdn-cf.behance.net/7d932bdafc03fd47141af38fd407589f/be59e7df-f918-48de-9011-f0b87ed3e8fa_acc_180x180.png?h=1ad2417de6d2729d9f133a5772ebe68f
Cinchapi,Product Designer,Seeking a Product Designer to create a design language for reusable component framework,a day ago,Anywhere,https://mir-s3-cdn-cf.behance.net/7d932bdafc03fd47141af38fd407589f/be59e7df-f918-48de-9011-f0b87ed3e8fa_acc_180x180.png?h=1ad2417de6d2729d9f133a5772ebe68f
Studiosme,3D Artist in Unity or Unreal Engine,We‚Äôre Hiring: 3D Artist (Unity / Unreal Engine),a day ago,Anywhere,https://mir-s3-cdn-cf.behance.net/7d932bdafc03fd47141af38fd407589f/be59e7df-f918-48de-9011-f0b87ed3e8fa_acc_180x180.png?h=1ad2417de6d2729d9f133a5772ebe68f
Tinymoose,Part Time Senior Graphic Designer,This is a Part-time remote role for a Senior Graphic Designer.,a day ago,Anywhere,https://mir-s3-cdn-cf.behance.net/7d932bdafc03fd47141af38fd407589f/be59e7df-f918-48de-9011-f0b87ed3e8fa_acc_180x180.png?h=1ad2417de6d2729d9f133a5772ebe68f
Kounsel,UX/UI Designer,Looking for an experienced UX/UI Designer to join our team.,a day ago,Anywhere,https://mir-s3-cdn-cf.behance.net/7d932bdafc03fd47141af38fd407589f/be59e7df-f918-48de-9011-f0b87ed3e8fa_acc_180x180.png?h=1ad2417de6d2729d9f133a5772ebe68f
Infinite Plus,"VFX/Technical Artist (Unity, cartoon style)",We are looking for a VFX/Technical Artist who creates stunning visual effects.,a day ago,Anywhere,https://mir-s3-cdn-cf.behance.net/7d932bdafc03fd47141af38fd407589f/be59e7df-f918-48de-9011-f0b87ed3e8fa_acc_180x180.png?h=1ad2417de6d2729d9f133a5772ebe68f
WPMU DEV,"Python Developer (Python, Flask, AWS, Rest API, Security, Docker, Boto3, SDK, Unit testing, Git)",Python Developer,a day ago,Anywhere,https://mir-s3-cdn-cf.behance.net/7d932bdafc03fd47141af38fd407589f/be59e7df-f918-48de-9011-f0b87ed3e8fa_acc_180x180.png?h=1ad2417de6d2729d9f133a5772ebe68f
GlobalStep,3D Environment Artist,Hiring 3D Environment Artist with experience Unreal Engine (Remote),a day ago,Anywhere,https://mir-s3-cdn-cf.behance.net/7d932bdafc03fd47141af38fd407589f/be59e7df-f918-48de-9011-f0b87ed3e8fa_acc_180x180.png?h=1ad2417de6d2729d9f133a5772ebe68f
Qyubic,Motion Graphic Designer,"2+ YOE creating visuals, videos & motion design remotely.",a day ago,Anywhere,https://mir-s3-cdn-cf.behance.net/7d932bdafc03fd47141af38fd407589f/be59e7df-f918-48de-9011-f0b87ed3e8fa_acc_180x180.png?h=1ad2417de6d2729d9f133a5772ebe68f
"Incsub, LLC","WordPress Support Specialist at CampusPress (PHP, MySQL, CSS, HTML)",WordPress Support Specialist at CampusPress,2 days ago,Anywhere,https://mir-s3-cdn-cf.behance.net/7d932bdafc03fd47141af38fd407589f/be59e7df-f918-48de-9011-f0b87ed3e8fa_acc_180x180.png?h=1ad2417de6d2729d9f133a5772ebe68f
WPMU DEV,"QA ‚Äì WordPress Plugin Tester (WordPress, MySQL, GIT, black-box testing, white-box testing, unit testing, automated testing, manual testing, CSS, PHP, JavaScript)",QA - WordPress Plugin tester,2 days ago,Anywhere,https://mir-s3-cdn-cf.behance.net/7d932bdafc03fd47141af38fd407589f/be59e7df-f918-48de-9011-f0b87ed3e8fa_acc_180x180.png?h=1ad2417de6d2729d9f133a5772ebe68f
WPMU DEV,"Hosting Support (WordPress, Linux, Ubuntu, Bash, NGINX, PHP, MySQL)",Hosting Support,2 days ago,Anywhere,https://mir-s3-cdn-cf.behance.net/7d932bdafc03fd47141af38fd407589f/be59e7df-f918-48de-9011-f0b87ed3e8fa_acc_180x180.png?h=1ad2417de6d2729d9f133a5772ebe68f
WPMU DEV,"WordPress Support Specialist (PHP, MySQL, CSS, HTML)",WordPress Support Specialist,2 days ago,Anywhere,https://mir-s3-cdn-cf.behance.net/7d932bdafc03fd47141af38fd407589f/be59e7df-f918-48de-9011-f0b87ed3e8fa_acc_180x180.png?h=1ad2417de6d2729d9f133a5772ebe68f
Arcady Media,Email Designer (DTC / Klaviyo),Figma email designer,2 days ago,Anywhere,https://mir-s3-cdn-cf.behance.net/7d932bdafc03fd47141af38fd407589f/be59e7df-f918-48de-9011-f0b87ed3e8fa_acc_180x180.png?h=1ad2417de6d2729d9f133a5772ebe68f
Fictional Book Club,Branding & Identity Internship,Looking for A Designer for Branding & Identity Work,3 days ago,Anywhere,https://mir-s3-cdn-cf.behance.net/7d932bdafc03fd47141af38fd407589f/be59e7df-f918-48de-9011-f0b87ed3e8fa_acc_180x180.png?h=1ad2417de6d2729d9f133a5772ebe68f
Kior Media,Motion Designer/Video Editor,We're looking for Motion Designer/Video Editor Remotely,4 days ago,Anywhere,https://mir-s3-cdn-cf.behance.net/7d932bdafc03fd47141af38fd407589f/be59e7df-f918-48de-9011-f0b87ed3e8fa_acc_180x180.png?h=1ad2417de6d2729d9f133a5772ebe68f
Sphere Rocket,Web Developer Zapier,We are looking for Web Developer Zapier,4 days ago,Anywhere,https://mir-s3-cdn-cf.behance.net/7d932bdafc03fd47141af38fd407589f/be59e7df-f918-48de-9011-f0b87ed3e8fa_acc_180x180.png?h=1ad2417de6d2729d9f133a5772ebe68f
Sabyasachi Calcutta LLP,Sr. Textile Designer,SABYASACHI CALCUTTA is looking for Sr. Textile Designer,4 days ago,Anywhere,https://mir-s3-cdn-cf.behance.net/7d932bdafc03fd47141af38fd407589f/be59e7df-f918-48de-9011-f0b87ed3e8fa_acc_180x180.png?h=1ad2417de6d2729d9f133a5772ebe68f
Sphere Rocket VA,Digital Marketing Manager,We are looking for Digital Marketing Manager,4 days ago,Anywhere,https://mir-s3-cdn-cf.behance.net/7d932bdafc03fd47141af38fd407589f/be59e7df-f918-48de-9011-f0b87ed3e8fa_acc_180x180.png?h=1ad2417de6d2729d9f133a5772ebe68f
Mastermind,Senior Graphic Designer,Mastermind.com - TONY ROBBINS & Dean Graziosi - seeking LATAM Senior Graphic Designer,5 days ago,Anywhere,https://mir-s3-cdn-cf.behance.net/7d932bdafc03fd47141af38fd407589f/be59e7df-f918-48de-9011-f0b87ed3e8fa_acc_180x180.png?h=1ad2417de6d2729d9f133a5772ebe68f
Sphere Rocket VA,Copywriter,We are looking for Copywriters!,5 days ago,Anywhere,https://mir-s3-cdn-cf.behance.net/7d932bdafc03fd47141af38fd407589f/be59e7df-f918-48de-9011-f0b87ed3e8fa_acc_180x180.png?h=1ad2417de6d2729d9f133a5772ebe68f
Alite Projects,AI-empowered Artist/Animator,"We‚Äôre looking for a passionate, forward-thinking artist for a creative experiment",5 days ago,Anywhere,https://mir-s3-cdn-cf.behance.net/7d932bdafc03fd47141af38fd407589f/be59e7df-f918-48de-9011-f0b87ed3e8fa_acc_180x180.png?h=1ad2417de6d2729d9f133a5772ebe68f
Swat.io,Digital Media Designer,Digital Media Designer in Marketing with fluent German language skills,5 days ago,Anywhere,https://mir-s3-cdn-cf.behance.net/7d932bdafc03fd47141af38fd407589f/be59e7df-f918-48de-9011-f0b87ed3e8fa_acc_180x180.png?h=1ad2417de6d2729d9f133a5772ebe68f
ARTERIUM,Graphic Designer/Ilustrator,"We are looking for a graphic designer proficient in Adobe Illustrator,",5 days ago,Anywhere,https://mir-s3-cdn-cf.behance.net/7d932bdafc03fd47141af38fd407589f/be59e7df-f918-48de-9011-f0b87ed3e8fa_acc_180x180.png?h=1ad2417de6d2729d9f133a5772ebe68f
Versatile Graphics Zoo,Graphic Designer,Seeking Graphic Designer Expert in Branding & Web UI/UX,5 days ago,Anywhere,https://mir-s3-cdn-cf.behance.net/7d932bdafc03fd47141af38fd407589f/be59e7df-f918-48de-9011-f0b87ed3e8fa_acc_180x180.png?h=1ad2417de6d2729d9f133a5772ebe68f
Sphere Rocket VA,Website Developer,We are hiring Website Developers!,5 days ago,Anywhere,https://mir-s3-cdn-cf.behance.net/7d932bdafc03fd47141af38fd407589f/be59e7df-f918-48de-9011-f0b87ed3e8fa_acc_180x180.png?h=1ad2417de6d2729d9f133a5772ebe68f
Sphere Rocket VA,Video Editor,We are hiring Video Editors!,5 days ago,Anywhere,https://mir-s3-cdn-cf.behance.net/7d932bdafc03fd47141af38fd407589f/be59e7df-f918-48de-9011-f0b87ed3e8fa_acc_180x180.png?h=1ad2417de6d2729d9f133a5772ebe68f
Sphere Rocket VA,Social Media Managers,We are looking for Social Media Managers!,5 days ago,Anywhere,https://mir-s3-cdn-cf.behance.net/7d932bdafc03fd47141af38fd407589f/be59e7df-f918-48de-9011-f0b87ed3e8fa_acc_180x180.png?h=1ad2417de6d2729d9f133a5772ebe68f
Sphere Rocket VA,Digital Marketers,We are hiring Digital Marketers!,5 days ago,Anywhere,https://mir-s3-cdn-cf.behance.net/7d932bdafc03fd47141af38fd407589f/be59e7df-f918-48de-9011-f0b87ed3e8fa_acc_180x180.png?h=1ad2417de6d2729d9f133a5772ebe68f
Arts DAO,UI/UX and Graphic Designer for Lifestyle & Community Brand,UI/UX & Graphic Designer for Web3 brand | Growth-focused role | Remote & Dubai opportunity,5 days ago,Anywhere,https://mir-s3-cdn-cf.behance.net/7d932bdafc03fd47141af38fd407589f/be59e7df-f918-48de-9011-f0b87ed3e8fa_acc_180x180.png?h=1ad2417de6d2729d9f133a5772ebe68f
–†—É–Ω–∏—Ç–∏,–ê—Ä—Ç-–¥–∏—Ä–µ–∫—Ç–æ—Ä / Head of Design,–º—ã –≤ –ø–æ–∏—Å–∫–∞—Ö –ê—Ä—Ç-–¥–∏—Ä–µ–∫—Ç–æ—Ä–∞ (—É–¥–∞–ª–µ–Ω–Ω–æ –∏–ª–∏ –≥–∏–±—Ä–∏–¥),6 days ago,Anywhere,https://mir-s3-cdn-cf.behance.net/7d932bdafc03fd47141af38fd407589f/be59e7df-f918-48de-9011-f0b87ed3e8fa_acc_180x180.png?h=1ad2417de6d2729d9f133a5772ebe68f
Merit Manufacturing,Graphic Designer for Ecommerce,Graphic Designer for Ecommerce Assets,6 days ago,Anywhere,https://mir-s3-cdn-cf.behance.net/7d932bdafc03fd47141af38fd407589f/be59e7df-f918-48de-9011-f0b87ed3e8fa_acc_180x180.png?h=1ad2417de6d2729d9f133a5772ebe68f
Sphere Rocket VA,Digital Design & Funnel Specialist,"Graphic Design: Advanced skills in graphic creation, typography, and branding.",6 days ago,Anywhere,https://mir-s3-cdn-cf.behance.net/7d932bdafc03fd47141af38fd407589f/be59e7df-f918-48de-9011-f0b87ed3e8fa_acc_180x180.png?h=1ad2417de6d2729d9f133a5772ebe68f
KOLSA,UI/UX –¥–∏–∑–∞–π–Ω–µ—Ä Middle/+,"UI/UX –¥–∏–∑–∞–π–Ω–µ—Ä, –∫–æ—Ç–æ—Ä—ã–π –±—É–¥–µ—Ç —Å–æ–∑–¥–∞–≤–∞—Ç—å –∏–Ω—Ç—É–∏—Ç–∏–≤–Ω–æ –ø–æ–Ω—è—Ç–Ω—ã–µ –∏–Ω—Ç–µ—Ä—Ñ–µ–π—Å—ã",6 days ago,Anywhere,https://mir-s3-cdn-cf.behance.net/7d932bdafc03fd47141af38fd407589f/be59e7df-f918-48de-9011-f0b87ed3e8fa_acc_180x180.png?h=1ad2417de6d2729d9f133a5772ebe68f
Spans Agency,Middle+/Senior UX/UI designer,"–ú—ã –∏—â–µ–º UX/UI –¥–∏–∑–∞–π–Ω–µ—Ä–∞, –∫–æ—Ç–æ—Ä—ã–π —É–º–µ–µ—Ç –≤–µ—Å—Ç–∏ –¥–∏–∑–∞–π–Ω-–ø—Ä–æ–µ–∫—Ç—ã –æ—Ç –Ω–∞—á–∞–ª–∞ –∏ –¥–æ –∫–æ–Ω—Ü–∞",6 days ago,Anywhere,https://mir-s3-cdn-cf.behance.net/7d932bdafc03fd47141af38fd407589f/be59e7df-f918-48de-9011-f0b87ed3e8fa_acc_180x180.png?h=1ad2417de6d2729d9f133a5772ebe68f
Headway,Visual Designer,–®—É–∫–∞—î–º–æ —Ç–∞–ª–∞–Ω–æ–≤–∏—Ç–æ–≥–æ Visual Designer –≤ Nibble,6 days ago,Anywhere,https://mir-s3-cdn-cf.behance.net/7d932bdafc03fd47141af38fd407589f/be59e7df-f918-48de-9011-f0b87ed3e8fa_acc_180x180.png?h=1ad2417de6d2729d9f133a5772ebe68f
Belle Health,UI/UX Designer,Designer for core UI/UX: Designing and developing user interfaces.,6 days ago,Anywhere,https://mir-s3-cdn-cf.behance.net/7d932bdafc03fd47141af38fd407589f/be59e7df-f918-48de-9011-f0b87ed3e8fa_acc_180x180.png?h=1ad2417de6d2729d9f133a5772ebe68f
Torrero,Graphic Designer - Remote,We are looking for a highly creative graphic designer,6 days ago,Anywhere,https://mir-s3-cdn-cf.behance.net/7d932bdafc03fd47141af38fd407589f/be59e7df-f918-48de-9011-f0b87ed3e8fa_acc_180x180.png?h=1ad2417de6d2729d9f133a5772ebe68f
Notino s.r.o.,Senior Campaign Designer,"Hled√°me seniorn√≠ pozici campaign designer, Brno/Praha/Remote. Mo≈ænost HPP/IƒåO spolupr√°ce.",6 days ago,Anywhere,https://mir-s3-cdn-cf.behance.net/7d932bdafc03fd47141af38fd407589f/be59e7df-f918-48de-9011-f0b87ed3e8fa_acc_180x180.png?h=1ad2417de6d2729d9f133a5772ebe68f
Sixth Society,Full-Time Webflow Webmaster,Looking for webmaster proficient in Webflow,7 days ago,Anywhere,https://mir-s3-cdn-cf.behance.net/7d932bdafc03fd47141af38fd407589f/be59e7df-f918-48de-9011-f0b87ed3e8fa_acc_180x180.png?h=1ad2417de6d2729d9f133a5772ebe68f
Skyrayventures,Video Editor,We are looking for a video editor who can edit create high quality videos,7 days ago,Anywhere,https://mir-s3-cdn-cf.behance.net/7d932bdafc03fd47141af38fd407589f/be59e7df-f918-48de-9011-f0b87ed3e8fa_acc_180x180.png?h=1ad2417de6d2729d9f133a5772ebe68f
CoinTracker,Senior Product Designer,Play a crucial role in shaping the user experience of our crypto products.,7 days ago,Anywhere,https://mir-s3-cdn-cf.behance.net/7d932bdafc03fd47141af38fd407589f/be59e7df-f918-48de-9011-f0b87ed3e8fa_acc_180x180.png?h=1ad2417de6d2729d9f133a5772ebe68f
VIVID DESIGN,Graphic Designer & Video Editor,We need a creative Graphic Designer & Video Editor skilled AND fluent in Arabic,7 days ago,Anywhere,https://mir-s3-cdn-cf.behance.net/7d932bdafc03fd47141af38fd407589f/be59e7df-f918-48de-9011-f0b87ed3e8fa_acc_180x180.png?h=1ad2417de6d2729d9f133a5772ebe68f
LANXESS Group,Graphic Designer,Graphic Designer,8 days ago,Anywhere,https://mir-s3-cdn-cf.behance.net/7d932bdafc03fd47141af38fd407589f/be59e7df-f918-48de-9011-f0b87ed3e8fa_acc_180x180.png?h=1ad2417de6d2729d9f133a5772ebe68f
Strategy Ladders,SR GRAPHIC DESIGNER (ENGLISH PROFICIENCY),SR Graphic Designer,8 days ago,Anywhere,https://mir-s3-cdn-cf.behance.net/7d932bdafc03fd47141af38fd407589f/be59e7df-f918-48de-9011-f0b87ed3e8fa_acc_180x180.png?h=1ad2417de6d2729d9f133a5772ebe68f
Onlyplay,2D Artist,–ú–∏ —à—É–∫–∞—î–º–æ —Ç–∞–ª–∞–Ω–æ–≤–∏—Ç–æ–≥–æ 2D Artist,8 days ago,Anywhere,https://mir-s3-cdn-cf.behance.net/7d932bdafc03fd47141af38fd407589f/be59e7df-f918-48de-9011-f0b87ed3e8fa_acc_180x180.png?h=1ad2417de6d2729d9f133a5772ebe68f
Fourthwall,Product Designer (UX/UI),We‚Äôre looking for an exceptional product designer to join our team.,8 days ago,Anywhere,https://mir-s3-cdn-cf.behance.net/7d932bdafc03fd47141af38fd407589f/be59e7df-f918-48de-9011-f0b87ed3e8fa_acc_180x180.png?h=1ad2417de6d2729d9f133a5772ebe68f
2 –ê—è–∫—Å–∞,–≥—Ä–∞—Ñ–∏—á–µ—Å–∫–∏–π –¥–∏–∑–∞–π–Ω–µ—Ä,–ò—â–µ–º –¥–∏–∑–∞–π–Ω–µ—Ä–∞ –¥–ª—è —Ä–∞–∑—Ä–∞–±–æ—Ç–∫–∏ –¥–∏–∑–∞–π–Ω–∞ —Ä–µ–∫–ª–∞–º–Ω–æ–π –∏ —Å—É–≤–µ–Ω–∏—Ä–Ω–æ–π –ø—Ä–æ–¥—É–∫—Ü–∏–∏ –≤—Å–µ—Ö –≤–∏–¥–æ–≤,8 days ago,Anywhere,https://mir-s3-cdn-cf.behance.net/7d932bdafc03fd47141af38fd407589f/be59e7df-f918-48de-9011-f0b87ed3e8fa_acc_180x180.png?h=1ad2417de6d2729d9f133a5772ebe68f
Zen Consulting,UI/UX Designer (Freelance),Design high-converting mobile-optimized landing pages and branding for personal businesses,10 days ago,Anywhere,https://mir-s3-cdn-cf.behance.net/7d932bdafc03fd47141af38fd407589f/be59e7df-f918-48de-9011-f0b87ed3e8fa_acc_180x180.png?h=1ad2417de6d2729d9f133a5772ebe68f
Lost Ferry Interactive,Junior Graphic Designer,Join our creative team as a Graphic Designer with Video Editing Skills ‚Äì Apply Now!,11 days ago,Anywhere,https://mir-s3-cdn-cf.behance.net/7d932bdafc03fd47141af38fd407589f/be59e7df-f918-48de-9011-f0b87ed3e8fa_acc_180x180.png?h=1ad2417de6d2729d9f133a5772ebe68f
www.dukerenders.com,3D Artist,Looking for 3D Artist,11 days ago,Anywhere,https://mir-s3-cdn-cf.behance.net/7d932bdafc03fd47141af38fd407589f/be59e7df-f918-48de-9011-f0b87ed3e8fa_acc_180x180.png?h=1ad2417de6d2729d9f133a5772ebe68f
Overon Group,Motion –¥–∏–∑–∞–π–Ω–µ—Ä,"–ú—ã –∫—Ä–∞—Ç–Ω–æ —Ä–∞—Å—Ç–µ–º, –ø–æ—ç—Ç–æ–º—É —Å–µ–π—á–∞—Å –∏—â–µ–º Motion –¥–∏–∑–∞–π–Ω–µ—Ä–∞",11 days ago,Anywhere,https://mir-s3-cdn-cf.behance.net/7d932bdafc03fd47141af38fd407589f/be59e7df-f918-48de-9011-f0b87ed3e8fa_acc_180x180.png?h=1ad2417de6d2729d9f133a5772ebe68f
Remotivate,Social Media Strategist,I‚Äôm looking for an experienced social media specialist with at least 3 years of expertise,11 days ago,Anywhere,https://mir-s3-cdn-cf.behance.net/7d932bdafc03fd47141af38fd407589f/be59e7df-f918-48de-9011-f0b87ed3e8fa_acc_180x180.png?h=1ad2417de6d2729d9f133a5772ebe68f
Grade One Essays,Copy writer,We a looking for an experience copy writer,11 days ago,Anywhere,https://mir-s3-cdn-cf.behance.net/7d932bdafc03fd47141af38fd407589f/be59e7df-f918-48de-9011-f0b87ed3e8fa_acc_180x180.png?h=1ad2417de6d2729d9f133a5772ebe68f
Interaction Design Foundation Inc,Course Editor (UI/UX Design),Course Editor (UI/UX Design),11 days ago,Anywhere,https://mir-s3-cdn-cf.behance.net/7d932bdafc03fd47141af38fd407589f/be59e7df-f918-48de-9011-f0b87ed3e8fa_acc_180x180.png?h=1ad2417de6d2729d9f133a5772ebe68f
–û–û–û –¢–µ—Ö–Ω–∏–∫–∞ –∏ –ü–æ—Å—É–¥–∞,–î–∏–∑–∞–π–Ω–µ—Ä –ø–æ —É–ø–∞–∫–æ–≤–∫–µ,"–î–∏–∑–∞–π–Ω–µ—Ä —Å–æ –∑–Ω–∞–Ω–∏–µ–º Photoshop, Illustrator, InDesing.",11 days ago,Anywhere,https://mir-s3-cdn-cf.behance.net/7d932bdafc03fd47141af38fd407589f/be59e7df-f918-48de-9011-f0b87ed3e8fa_acc_180x180.png?h=1ad2417de6d2729d9f133a5772ebe68f
Patchstack Security,Web Designer,Experienced in designing highly converting scalable websites?,12 days ago,Anywhere,https://mir-s3-cdn-cf.behance.net/7d932bdafc03fd47141af38fd407589f/be59e7df-f918-48de-9011-f0b87ed3e8fa_acc_180x180.png?h=1ad2417de6d2729d9f133a5772ebe68f
simp gifts,ui/ux designer,Looking for a innovative designer to redesign landing page and platform,12 days ago,Anywhere,https://mir-s3-cdn-cf.behance.net/7d932bdafc03fd47141af38fd407589f/be59e7df-f918-48de-9011-f0b87ed3e8fa_acc_180x180.png?h=1ad2417de6d2729d9f133a5772ebe68f
SHTONDA.DESIGN,"Graphic Designer (Full-Time, Remote) üé®","Remote Graphic Designer for Banners, Brand Identity and Brochures",12 days ago,Anywhere,https://mir-s3-cdn-cf.behance.net/7d932bdafc03fd47141af38fd407589f/be59e7df-f918-48de-9011-f0b87ed3e8fa_acc_180x180.png?h=1ad2417de6d2729d9f133a5772ebe68f
dr.brace,We Are Looking for Amazon Graphic Designer,We Are Looking for Amazon Graphic Designer,13 days ago,Anywhere,https://mir-s3-cdn-cf.behance.net/7d932bdafc03fd47141af38fd407589f/be59e7df-f918-48de-9011-f0b87ed3e8fa_acc_180x180.png?h=1ad2417de6d2729d9f133a5772ebe68f
Carbon Global,Graphic Designer / UI Brand Expert,Graphic Designer / UI Brand Expert,13 days ago,Anywhere,https://mir-s3-cdn-cf.behance.net/7d932bdafc03fd47141af38fd407589f/be59e7df-f918-48de-9011-f0b87ed3e8fa_acc_180x180.png?h=1ad2417de6d2729d9f133a5772ebe68f
Êù≠Â∑ûÂ§©Ëµ´ÁΩëÁªúÁßëÊäÄÊúâÈôêÂÖ¨Âè∏,Âπ≥Èù¢ËÆæËÆ°Â∏à,Position Title: Children‚Äôs Toy Product & Party Supplies Designer (Part-Time/Full-Time),13 days ago,Anywhere,https://mir-s3-cdn-cf.behance.net/7d932bdafc03fd47141af38fd407589f/be59e7df-f918-48de-9011-f0b87ed3e8fa_acc_180x180.png?h=1ad2417de6d2729d9f133a5772ebe68f
Remotivate,Social Media Strategist,We seek a strategic and experienced Social Media Strategist.,13 days ago,Anywhere,https://mir-s3-cdn-cf.behance.net/7d932bdafc03fd47141af38fd407589f/be59e7df-f918-48de-9011-f0b87ed3e8fa_acc_180x180.png?h=1ad2417de6d2729d9f133a5772ebe68f
Marvin Visual,3D exterior artist,–®—É–∫–∞—î–º–æ –∫—Ä–µ–∞—Ç–∏–≤–Ω–æ–≥–æ —Ç–∞ —Ç–∞–ª–∞–Ω–æ–≤–∏—Ç–æ–≥–æ 3D –≤—ñ–∑—É–∞–ª—ñ–∑–∞—Ç–æ—Ä–∞ –µ–∫—Å—Ç–µ—Ä'—î—Ä—ñ–≤,13 days ago,Anywhere,https://mir-s3-cdn-cf.behance.net/7d932bdafc03fd47141af38fd407589f/be59e7df-f918-48de-9011-f0b87ed3e8fa_acc_180x180.png?h=1ad2417de6d2729d9f133a5772ebe68f
Network Singapore,Cinematic Video Editor,We are looking for a skilled video editor to produce social media ads & content,14 days ago,Anywhere,https://mir-s3-cdn-cf.behance.net/7d932bdafc03fd47141af38fd407589f/be59e7df-f918-48de-9011-f0b87ed3e8fa_acc_180x180.png?h=1ad2417de6d2729d9f133a5772ebe68f
ehunting,Practicante de Dise√±o gr√°fico (100% Remoto),En b√∫squeda de estudiantes de dise√±o grafico en ultimo semestre.,14 days ago,Anywhere,https://mir-s3-cdn-cf.behance.net/7d932bdafc03fd47141af38fd407589f/be59e7df-f918-48de-9011-f0b87ed3e8fa_acc_180x180.png?h=1ad2417de6d2729d9f133a5772ebe68f
Studio Unabridged,Junio Graphic Designer,Looking for a Junior Graphic Designer to craft compelling engaging social media designs.,14 days ago,Anywhere,https://mir-s3-cdn-cf.behance.net/7d932bdafc03fd47141af38fd407589f/be59e7df-f918-48de-9011-f0b87ed3e8fa_acc_180x180.png?h=1ad2417de6d2729d9f133a5772ebe68f
Taroko Software,Senior UI/UX Designer,To drive a big rebranding effort as we expand our product offerings beyond legal forms,14 days ago,Anywhere,https://mir-s3-cdn-cf.behance.net/7d932bdafc03fd47141af38fd407589f/be59e7df-f918-48de-9011-f0b87ed3e8fa_acc_180x180.png?h=1ad2417de6d2729d9f133a5772ebe68f
Opti Search,Video editor | motion designer,We are looking for a creative video editor,14 days ago,Anywhere,https://mir-s3-cdn-cf.behance.net/7d932bdafc03fd47141af38fd407589f/be59e7df-f918-48de-9011-f0b87ed3e8fa_acc_180x180.png?h=1ad2417de6d2729d9f133a5772ebe68f
Orendt Studios CGI - Filmproduction GmbH,Creative AI Artist (m/w/d) for diffusion models,We are looking for experienced AI Artist to join our international AI development team,14 days ago,Anywhere,https://mir-s3-cdn-cf.behance.net/7d932bdafc03fd47141af38fd407589f/be59e7df-f918-48de-9011-f0b87ed3e8fa_acc_180x180.png?h=1ad2417de6d2729d9f133a5772ebe68f
Infinite Plus,Graphic Designer,We are looking for a Graphic Designer to join our friendly team.,14 days ago,Anywhere,https://mir-s3-cdn-cf.behance.net/7d932bdafc03fd47141af38fd407589f/be59e7df-f918-48de-9011-f0b87ed3e8fa_acc_180x180.png?h=1ad2417de6d2729d9f133a5772ebe68f
Volume Vision,–í–∏–∑—É–∞–ª–∏–∑–∞—Ç–æ—Ä —ç–∫—Å—Ç–µ—Ä—å–µ—Ä–æ–≤ (Middle/Senior),–ò—â–µ–º —Ç–∞–ª–∞–Ω—Ç–ª–∏–≤–æ–≥–æ –≤–∏–∑—É–∞–ª–∏–∑–∞—Ç–æ—Ä–∞ —ç–∫—Å—Ç–µ—Ä—å–µ—Ä–æ–≤ (3DS Max/Corona Renderer/ForestPack/PS),14 days ago,Anywhere,https://mir-s3-cdn-cf.behance.net/7d932bdafc03fd47141af38fd407589f/be59e7df-f918-48de-9011-f0b87ed3e8fa_acc_180x180.png?h=1ad2417de6d2729d9f133a5772ebe68f
Alestra Solutions,Pitch deck Designer (Night Shift),Pitch deck designer required for night shift,14 days ago,Anywhere,https://mir-s3-cdn-cf.behance.net/7d932bdafc03fd47141af38fd407589f/be59e7df-f918-48de-9011-f0b87ed3e8fa_acc_180x180.png?h=1ad2417de6d2729d9f133a5772ebe68f
Scalehub Marketing,Graphic Designer,We are looking for a Creative & skilled Graphic Designer,14 days ago,Anywhere,https://mir-s3-cdn-cf.behance.net/7d932bdafc03fd47141af38fd407589f/be59e7df-f918-48de-9011-f0b87ed3e8fa_acc_180x180.png?h=1ad2417de6d2729d9f133a5772ebe68f
TDA The Design Agency,Graphic Designer,Talented and motivated graphic designers to join our remote team on a part-time basis.,15 days ago,Anywhere,https://mir-s3-cdn-cf.behance.net/7d932bdafc03fd47141af38fd407589f/be59e7df-f918-48de-9011-f0b87ed3e8fa_acc_180x180.png?h=1ad2417de6d2729d9f133a5772ebe68f
Charit Studio,3D Motion Graphic Designer,We are looking for a 3D Motion Graphic Designer specialised in 3D Animation and Rendering,15 days ago,Anywhere,https://mir-s3-cdn-cf.behance.net/7d932bdafc03fd47141af38fd407589f/be59e7df-f918-48de-9011-f0b87ed3e8fa_acc_180x180.png?h=1ad2417de6d2729d9f133a5772ebe68f
Skyrayventures,Video Editor/ Graphic Designer- Remote,We are looking for a skilled Graphic designer and Video Editor.,15 days ago,Anywhere,https://mir-s3-cdn-cf.behance.net/7d932bdafc03fd47141af38fd407589f/be59e7df-f918-48de-9011-f0b87ed3e8fa_acc_180x180.png?h=1ad2417de6d2729d9f133a5772ebe68f
wooing,UI/UX Designer,üé® UI/UX Designer Wanted: Help Us Build Something Truly Meaningful!,15 days ago,Anywhere,https://mir-s3-cdn-cf.behance.net/7d932bdafc03fd47141af38fd407589f/be59e7df-f918-48de-9011-f0b87ed3e8fa_acc_180x180.png?h=1ad2417de6d2729d9f133a5772ebe68f
Logo&Co,CGI / MOTION GRAPHICS VIDEO EDITOR,We are looking for a CGI / Motion graphic video editor,15 days ago,Anywhere,https://mir-s3-cdn-cf.behance.net/7d932bdafc03fd47141af38fd407589f/be59e7df-f918-48de-9011-f0b87ed3e8fa_acc_180x180.png?h=1ad2417de6d2729d9f133a5772ebe68f
ThunderClap,Sr. Motion Designer,We're seeking a Sr.Motion Designer to bring websites to life through innovative animations,15 days ago,Anywhere,https://mir-s3-cdn-cf.behance.net/7d932bdafc03fd47141af38fd407589f/be59e7df-f918-48de-9011-f0b87ed3e8fa_acc_180x180.png?h=1ad2417de6d2729d9f133a5772ebe68f
Lost Ferry Interactive,UX & Graphic Designer,Looking for Graphics & UI/UX designers to join us on contract or FT basis,15 days ago,Anywhere,https://mir-s3-cdn-cf.behance.net/7d932bdafc03fd47141af38fd407589f/be59e7df-f918-48de-9011-f0b87ed3e8fa_acc_180x180.png?h=1ad2417de6d2729d9f133a5772ebe68f
Freelance UI Designer (m/w/d),Freelance UI Designer (m/w/d),Freelance UI Designer (m/w/d),15 days ago,Anywhere,https://mir-s3-cdn-cf.behance.net/7d932bdafc03fd47141af38fd407589f/be59e7df-f918-48de-9011-f0b87ed3e8fa_acc_180x180.png?h=1ad2417de6d2729d9f133a5772ebe68f
Harkoi,Graphic Designer,Be an all rounder designer for us!,17 days ago,Anywhere,https://mir-s3-cdn-cf.behance.net/7d932bdafc03fd47141af38fd407589f/be59e7df-f918-48de-9011-f0b87ed3e8fa_acc_180x180.png?h=1ad2417de6d2729d9f133a5772ebe68f
Latam Management Recruitment,DISE√ëADOR INDUSTRIAL BILINGUE,"Se busca un Industrial designer bilingual - freelance,para una empresa de EEUU.",18 days ago,Anywhere,https://mir-s3-cdn-cf.behance.net/7d932bdafc03fd47141af38fd407589f/be59e7df-f918-48de-9011-f0b87ed3e8fa_acc_180x180.png?h=1ad2417de6d2729d9f133a5772ebe68f
Truffle Bay GmbH,SENIOR BRAND DESIGNER (w/m/d),"SENIOR BRAND DESIGNER (M/F/D) We're hiring - effective immediately, on a permanent basis",18 days ago,Anywhere,https://mir-s3-cdn-cf.behance.net/7d932bdafc03fd47141af38fd407589f/be59e7df-f918-48de-9011-f0b87ed3e8fa_acc_180x180.png?h=1ad2417de6d2729d9f133a5772ebe68f
Skyray Ventures,Video Editor/ Graphic Designer,"We are seeking a talented Animator, Illustrator, and Graphic Designer.",18 days ago,Anywhere,https://mir-s3-cdn-cf.behance.net/7d932bdafc03fd47141af38fd407589f/be59e7df-f918-48de-9011-f0b87ed3e8fa_acc_180x180.png?h=1ad2417de6d2729d9f133a5772ebe68f
Network Singapore,Website Designer/Graphic Designer,We are looking for a website designer that has a strong ability in graphic design,18 days ago,Anywhere,https://mir-s3-cdn-cf.behance.net/7d932bdafc03fd47141af38fd407589f/be59e7df-f918-48de-9011-f0b87ed3e8fa_acc_180x180.png?h=1ad2417de6d2729d9f133a5772ebe68f
Optimite,Head of Design,"As our Head of Design, you will drive design strategy, enhance team capabilities in Figma",18 days ago,Anywhere,https://mir-s3-cdn-cf.behance.net/7d932bdafc03fd47141af38fd407589f/be59e7df-f918-48de-9011-f0b87ed3e8fa_acc_180x180.png?h=1ad2417de6d2729d9f133a5772ebe68f
Marvin Visual,VR Developer(Unreal Engine),We are looking for a VR Developer in Unreal Engine,18 days ago,Anywhere,https://mir-s3-cdn-cf.behance.net/7d932bdafc03fd47141af38fd407589f/be59e7df-f918-48de-9011-f0b87ed3e8fa_acc_180x180.png?h=1ad2417de6d2729d9f133a5772ebe68f
AGENCIA EGO,EXPERTO EN CANVA,EXPERTO EN CANVA,18 days ago,Anywhere,https://mir-s3-cdn-cf.behance.net/7d932bdafc03fd47141af38fd407589f/be59e7df-f918-48de-9011-f0b87ed3e8fa_acc_180x180.png?h=1ad2417de6d2729d9f133a5772ebe68f
Nfinite,Junior AI Image Generation Specialist,We are looking for creative skilled artists to create AI-based interior visuals (remote),18 days ago,Anywhere,https://mir-s3-cdn-cf.behance.net/7d932bdafc03fd47141af38fd407589f/be59e7df-f918-48de-9011-f0b87ed3e8fa_acc_180x180.png?h=1ad2417de6d2729d9f133a5772ebe68f
Farcana,Visual Content Designer,Visual Content Designer for Game Industry Channel,19 days ago,Anywhere,https://mir-s3-cdn-cf.behance.net/7d932bdafc03fd47141af38fd407589f/be59e7df-f918-48de-9011-f0b87ed3e8fa_acc_180x180.png?h=1ad2417de6d2729d9f133a5772ebe68f
–ü–æ—Ç–æ–∫,–ö–æ–º–º—É–Ω–∏–∫–∞—Ü–∏–æ–Ω–Ω—ã–π –¥–∏–∑–∞–π–Ω–µ—Ä,–ú—ã –∏—â–µ–º –∫–æ–º–º—É–Ω–∏–∫–∞—Ü–∏–æ–Ω–Ω–æ–≥–æ –¥–∏–∑–∞–π–Ω–µ—Ä–∞ –≤ –æ—Ç–¥–µ–ª –º–∞—Ä–∫–µ—Ç–∏–Ω–≥–∞.,19 days ago,Anywhere,https://mir-s3-cdn-cf.behance.net/7d932bdafc03fd47141af38fd407589f/be59e7df-f918-48de-9011-f0b87ed3e8fa_acc_180x180.png?h=1ad2417de6d2729d9f133a5772ebe68f
Volume Vision,–•—É–¥–æ–∂–Ω–∏–∫ –ø–æ—Å—Ç–æ–±—Ä–∞–±–æ—Ç–∫–∏ —Å –æ–ø—ã—Ç–æ–º –≤ ArchViz (Middle/Senior),–ò—â–µ–º —Ö—É–¥–æ–∂–Ω–∏–∫–∞ c –æ–ø—ã—Ç–æ–º —Ñ–æ—Ç–æ—Ä–µ–∞–ª–∏—Å—Ç–∏—á–Ω–æ–π –∏ –∞—Ç–º–æ—Å—Ñ–µ—Ä–Ω–æ–π –æ–±—Ä–∞–±–æ—Ç–∫–∏ —Ä–µ–Ω–¥–µ—Ä–æ–≤ –≤ PS.,19 days ago,Anywhere,https://mir-s3-cdn-cf.behance.net/7d932bdafc03fd47141af38fd407589f/be59e7df-f918-48de-9011-f0b87ed3e8fa_acc_180x180.png?h=1ad2417de6d2729d9f133a5772ebe68f
BananaCrystal Inc.,Ruby on Rails Backend Developer,We are looking for exceptional Ruby on Rails Backend Developer to join our team.,19 days ago,Anywhere,https://mir-s3-cdn-cf.behance.net/7d932bdafc03fd47141af38fd407589f/be59e7df-f918-48de-9011-f0b87ed3e8fa_acc_180x180.png?h=1ad2417de6d2729d9f133a5772ebe68f
BananaCrystal Inc,Quality Assurance,We are looking for an exceptional Quality Assurance personnel to join our team.,19 days ago,Anywhere,https://mir-s3-cdn-cf.behance.net/7d932bdafc03fd47141af38fd407589f/be59e7df-f918-48de-9011-f0b87ed3e8fa_acc_180x180.png?h=1ad2417de6d2729d9f133a5772ebe68f
BananaCrystal,Content Creator / Video Editor / Graphics Designer,We are looking for exceptional Content Creator/Graphics Designer to join our growing team.,19 days ago,Anywhere,https://mir-s3-cdn-cf.behance.net/7d932bdafc03fd47141af38fd407589f/be59e7df-f918-48de-9011-f0b87ed3e8fa_acc_180x180.png?h=1ad2417de6d2729d9f133a5772ebe68f
Triveous Technoologies,Junior UX/UI designer,We are looking for a Junior UX/UI designer for our team.,20 days ago,Anywhere,https://mir-s3-cdn-cf.behance.net/7d932bdafc03fd47141af38fd407589f/be59e7df-f918-48de-9011-f0b87ed3e8fa_acc_180x180.png?h=1ad2417de6d2729d9f133a5772ebe68f
Earthjustice,"Sr. Digital & Motion Designer, Social Media",Earthjustice is hiring a Sr. Digital and Motion Designer for the Social Media Team.,20 days ago,Anywhere,https://mir-s3-cdn-cf.behance.net/7d932bdafc03fd47141af38fd407589f/be59e7df-f918-48de-9011-f0b87ed3e8fa_acc_180x180.png?h=1ad2417de6d2729d9f133a5772ebe68f
BH Complete Solutions,Graphic Design Specialist (e-commerce),Creative Graphic Designer to join our team and help elevate our Amazon product listings.,20 days ago,Anywhere,https://mir-s3-cdn-cf.behance.net/7d932bdafc03fd47141af38fd407589f/be59e7df-f918-48de-9011-f0b87ed3e8fa_acc_180x180.png?h=1ad2417de6d2729d9f133a5772ebe68f
Community Health System,Graphic Designer,Graphic Designer,20 days ago,Anywhere,https://mir-s3-cdn-cf.behance.net/7d932bdafc03fd47141af38fd407589f/be59e7df-f918-48de-9011-f0b87ed3e8fa_acc_180x180.png?h=1ad2417de6d2729d9f133a5772ebe68f
Pangolin Marketing,Graphic Design Specialist,Seeking a graphic designer to craft visuals that captivate and bring brands to life!,20 days ago,Anywhere,https://mir-s3-cdn-cf.behance.net/7d932bdafc03fd47141af38fd407589f/be59e7df-f918-48de-9011-f0b87ed3e8fa_acc_180x180.png?h=1ad2417de6d2729d9f133a5772ebe68f
ŸàŸÉÿßŸÑÿ© ŸÖÿµÿ®ÿßÿ≠ ÿßŸÑÿßÿ®ÿØÿßÿπ,Creative Graphic Designer,Creative Graphic Designer,20 days ago,Anywhere,https://mir-s3-cdn-cf.behance.net/7d932bdafc03fd47141af38fd407589f/be59e7df-f918-48de-9011-f0b87ed3e8fa_acc_180x180.png?h=1ad2417de6d2729d9f133a5772ebe68f
Anagram,Dise√±ador Multimedia,Buscamos a un experto en dise√±o multimedia,20 days ago,Anywhere,https://mir-s3-cdn-cf.behance.net/7d932bdafc03fd47141af38fd407589f/be59e7df-f918-48de-9011-f0b87ed3e8fa_acc_180x180.png?h=1ad2417de6d2729d9f133a5772ebe68f
–¶–ï–•,–ì—Ä–∞—Ñ–∏—á–µ—Å–∫–∏–π –¥–∏–∑–∞–π–Ω–µ—Ä (junior+/middle),"–¶–ï–• –∏—â–µ—Ç –∫–ª–∞—Å—Å–Ω—ã—Ö –≥—Ä–∞—Ñ–∏—á–µ—Å–∫–∏—Ö –¥–∏–∑–∞–π–Ω–µ—Ä–æ–≤, –≤–ª—é–±–ª–µ–Ω–Ω—ã—Ö –≤ –¥–∏–∑–∞–π–Ω, –∫–∞–∫ –∏ –º—ã!",20 days ago,Anywhere,https://mir-s3-cdn-cf.behance.net/7d932bdafc03fd47141af38fd407589f/be59e7df-f918-48de-9011-f0b87ed3e8fa_acc_180x180.png?h=1ad2417de6d2729d9f133a5772ebe68f
ŸàÿßŸÉŸÑÿ© ÿµŸÜÿπ ŸÑŸÑÿÆÿØŸÖÿßÿ™ ÿßŸÑÿ™ÿ¨ÿßÿ±Ÿäÿ©,graphic designer,"we are looking for a graphic designer proficient in adobe illustrator, photoshop",21 days ago,Anywhere,https://mir-s3-cdn-cf.behance.net/7d932bdafc03fd47141af38fd407589f/be59e7df-f918-48de-9011-f0b87ed3e8fa_acc_180x180.png?h=1ad2417de6d2729d9f133a5772ebe68f
Eyu Game,Casual Game 2D Art Director,Match3 Casual Game 2D Art Director Needed,21 days ago,Anywhere,https://mir-s3-cdn-cf.behance.net/7d932bdafc03fd47141af38fd407589f/be59e7df-f918-48de-9011-f0b87ed3e8fa_acc_180x180.png?h=1ad2417de6d2729d9f133a5772ebe68f
Arcady Media,Email Graphic Designer,Looking for an Email Designer proficient in Figma.,21 days ago,Anywhere,https://mir-s3-cdn-cf.behance.net/7d932bdafc03fd47141af38fd407589f/be59e7df-f918-48de-9011-f0b87ed3e8fa_acc_180x180.png?h=1ad2417de6d2729d9f133a5772ebe68f
Malaberg,High-Converting eCommerce Funnels and Sales Pages Designer,Experienced Web and UX designer for eCommere sales and landing pages,22 days ago,Anywhere,https://mir-s3-cdn-cf.behance.net/7d932bdafc03fd47141af38fd407589f/be59e7df-f918-48de-9011-f0b87ed3e8fa_acc_180x180.png?h=1ad2417de6d2729d9f133a5772ebe68f
Evvolve,Graphic designer,Design and build professional pitch decks and one-pagers for startups fundraising,22 days ago,Anywhere,https://mir-s3-cdn-cf.behance.net/7d932bdafc03fd47141af38fd407589f/be59e7df-f918-48de-9011-f0b87ed3e8fa_acc_180x180.png?h=1ad2417de6d2729d9f133a5772ebe68f
Zeno Health,UX Designer,UX Designer - Zeno Health,22 days ago,Anywhere,https://mir-s3-cdn-cf.behance.net/7d932bdafc03fd47141af38fd407589f/be59e7df-f918-48de-9011-f0b87ed3e8fa_acc_180x180.png?h=1ad2417de6d2729d9f133a5772ebe68f
Persona,Fashion Designer,We are looking for a Fashion Designer that matches our style and niche in the industry.,22 days ago,Anywhere,https://mir-s3-cdn-cf.behance.net/7d932bdafc03fd47141af38fd407589f/be59e7df-f918-48de-9011-f0b87ed3e8fa_acc_180x180.png?h=1ad2417de6d2729d9f133a5772ebe68f
INTERNATIONAL MARKETER COMPANY,INTERIOER DESIGNERS,We are looking for an interior designer to work remotely. Fresh graduates are welcome.,22 days ago,Anywhere,https://mir-s3-cdn-cf.behance.net/7d932bdafc03fd47141af38fd407589f/be59e7df-f918-48de-9011-f0b87ed3e8fa_acc_180x180.png?h=1ad2417de6d2729d9f133a5772ebe68f
–ê–π–±—Ä–∞—Ç,–î–∏–∑–∞–π–Ω–µ—Ä –∏–Ω—Ç–µ—Ä—å–µ—Ä–æ–≤,–ú—ã –∏—â–µ–º –¥–∏–∑–∞–π–Ω–µ—Ä–∞ –∏–Ω—Ç–µ—Ä—å–µ—Ä–æ–≤ –¥–ª—è –æ—Ñ–æ—Ä–º–ª–µ–Ω–∏—è –Ω–∞—à–∏—Ö –º–∞–≥–∞–∑–∏–Ω–æ–≤.,23 days ago,Anywhere,https://mir-s3-cdn-cf.behance.net/7d932bdafc03fd47141af38fd407589f/be59e7df-f918-48de-9011-f0b87ed3e8fa_acc_180x180.png?h=1ad2417de6d2729d9f133a5772ebe68f
–¢–µ—Ä—Ä–∏ –ì—Ä—É–ø–ø,–¥–∏–∑–∞–π–Ω –∏–Ω—Ç–µ—Ä—å–µ—Ä–æ–≤,–ú—ã –≤ –ø–æ–∏—Å–∫–∞—Ö –¥–∏–∑–∞–π–Ω–µ—Ä–æ–≤ –ø–æ –≤—Å–µ–π –†–æ—Å—Å–∏–∏.,25 days ago,Anywhere,https://mir-s3-cdn-cf.behance.net/7d932bdafc03fd47141af38fd407589f/be59e7df-f918-48de-9011-f0b87ed3e8fa_acc_180x180.png?h=1ad2417de6d2729d9f133a5772ebe68f
Studio Picante,Visual Identity Designer,We are looking for a Graphic Designer specialized in Visual Identity,25 days ago,Anywhere,https://mir-s3-cdn-cf.behance.net/7d932bdafc03fd47141af38fd407589f/be59e7df-f918-48de-9011-f0b87ed3e8fa_acc_180x180.png?h=1ad2417de6d2729d9f133a5772ebe68f
Latam Management Recruitment,Dise√±ador gr√°fico,"Se busca un Graphic Desinger, con ingl√©s B2-C1, home office para una empresa Canadiense",25 days ago,Anywhere,https://mir-s3-cdn-cf.behance.net/7d932bdafc03fd47141af38fd407589f/be59e7df-f918-48de-9011-f0b87ed3e8fa_acc_180x180.png?h=1ad2417de6d2729d9f133a5772ebe68f
NIKIFILINI,–•—É–¥–æ–∂–Ω–∏–∫-–∏–ª–ª—é—Å—Ç—Ä–∞—Ç–æ—Ä,–•—É–¥–æ–∂–Ω–∏–∫-–∏–ª–ª—é—Å—Ç—Ä–∞—Ç–æ—Ä –≤ –∫–æ–º–∞–Ω–¥—É NIKIFILINI,25 days ago,Anywhere,https://mir-s3-cdn-cf.behance.net/7d932bdafc03fd47141af38fd407589f/be59e7df-f918-48de-9011-f0b87ed3e8fa_acc_180x180.png?h=1ad2417de6d2729d9f133a5772ebe68f
Social the VPM,Graphic Designer,Seeking a creative Graphic Designer to bring innovative visuals to our projects.,a month ago,Anywhere,https://mir-s3-cdn-cf.behance.net/7d932bdafc03fd47141af38fd407589f/be59e7df-f918-48de-9011-f0b87ed3e8fa_acc_180x180.png?h=1ad2417de6d2729d9f133a5772ebe68f
NOW Art,Freelance Artist,Seeking Artists for Walmart Community Mural Program (USA and Puerto Rico only),a month ago,Anywhere,https://mir-s3-cdn-cf.behance.net/7d932bdafc03fd47141af38fd407589f/be59e7df-f918-48de-9011-f0b87ed3e8fa_acc_180x180.png?h=1ad2417de6d2729d9f133a5772ebe68f
New Singularity Technology,Senior Brand Designer (Creative Marketing),Senior Brand Designer (Creative Marketing),a month ago,Anywhere,https://mir-s3-cdn-cf.behance.net/7d932bdafc03fd47141af38fd407589f/be59e7df-f918-48de-9011-f0b87ed3e8fa_acc_180x180.png?h=1ad2417de6d2729d9f133a5772ebe68f
New Singularity Technology,Senior Motion Designer (Game),Senior Motion Designer (Game),a month ago,Anywhere,https://mir-s3-cdn-cf.behance.net/7d932bdafc03fd47141af38fd407589f/be59e7df-f918-48de-9011-f0b87ed3e8fa_acc_180x180.png?h=1ad2417de6d2729d9f133a5772ebe68f
New Singularity Technology,Senior UI/UX Designer for long term game project,Remot Fulltime Game UX/UI Designer,a month ago,Anywhere,https://mir-s3-cdn-cf.behance.net/7d932bdafc03fd47141af38fd407589f/be59e7df-f918-48de-9011-f0b87ed3e8fa_acc_180x180.png?h=1ad2417de6d2729d9f133a5772ebe68f
Bistro Digital,Dise√±ador UI &Web,Buscamos Dise√±ador Web Experto en No-Code y Animaci√≥n para Agencia en Crecimiento üöÄ,a month ago,Anywhere,https://mir-s3-cdn-cf.behance.net/7d932bdafc03fd47141af38fd407589f/be59e7df-f918-48de-9011-f0b87ed3e8fa_acc_180x180.png?h=1ad2417de6d2729d9f133a5772ebe68f
Pintopay,–ì—Ä–∞—Ñ–∏—á–µ—Å–∫–∏–π –¥–∏–∑–∞–π–Ω–µ—Ä,–ò—â–µ–º –æ–ø—ã—Ç–Ω–æ–≥–æ –¥–∏–∑–∞–π–Ω–µ—Ä–∞ –≤ —Ñ–∏–Ω—Ç–µ—Ö —Å—Ç–∞—Ä—Ç–∞–ø. –£–≤–ª–µ–∫–∞—Ç–µ–ª—å–Ω—ã–µ –∑–∞–¥–∞—á–∏: –æ—Ç –±–∞–Ω–Ω–µ—Ä–æ–≤ –¥–æ –≤–∏–¥–µ–æ.,a month ago,Anywhere,https://mir-s3-cdn-cf.behance.net/7d932bdafc03fd47141af38fd407589f/be59e7df-f918-48de-9011-f0b87ed3e8fa_acc_180x180.png?h=1ad2417de6d2729d9f133a5772ebe68f
Outcast MKT,Dise√±ador Grafico,Estamos contratando! Dise√±ador Grafico,a month ago,Anywhere,https://mir-s3-cdn-cf.behance.net/7d932bdafc03fd47141af38fd407589f/be59e7df-f918-48de-9011-f0b87ed3e8fa_acc_180x180.png?h=1ad2417de6d2729d9f133a5772ebe68f
Needle,Production Manager - Kuala Lumpur,Production Manager,a month ago,Anywhere,https://mir-s3-cdn-cf.behance.net/7d932bdafc03fd47141af38fd407589f/be59e7df-f918-48de-9011-f0b87ed3e8fa_acc_180x180.png?h=1ad2417de6d2729d9f133a5772ebe68f
"–û–û–û ""–¶–í–ë–ü""",–ö–æ–Ω—Ç–µ–Ω—Ç-–º–µ–Ω–µ–¥–∂–µ—Ä –≤ –°–ú–ú,–û—Ñ–∏—Ü–∏–∞–ª—å–Ω—ã–π –º–∞–≥–∞–∑–∏–Ω –ü–§–ö –¶–°–ö–ê –∏—â–µ—Ç —Ç–≤–æ—Ä—á–µ—Å–∫–æ–≥–æ –∏ –∏–Ω–∏—Ü–∏–∞—Ç–∏–≤–Ω–æ–≥–æ –°–ú–ú-–º–µ–Ω–µ–¥–∂–µ—Ä–∞,a month ago,Anywhere,https://mir-s3-cdn-cf.behance.net/7d932bdafc03fd47141af38fd407589f/be59e7df-f918-48de-9011-f0b87ed3e8fa_acc_180x180.png?h=1ad2417de6d2729d9f133a5772ebe68f
Olympus Gymnastics academy,Graphic Designer,Static & Motion Graphic Designer is highly needed,a month ago,Anywhere,https://mir-s3-cdn-cf.behance.net/7d932bdafc03fd47141af38fd407589f/be59e7df-f918-48de-9011-f0b87ed3e8fa_acc_180x180.png?h=1ad2417de6d2729d9f133a5772ebe68f
The Gravity Agency,Middle/Senior Digital Web Designer,"We are looking for Digital Web Designer for web studio, with good sense of beauty :)",a month ago,Anywhere,https://mir-s3-cdn-cf.behance.net/7d932bdafc03fd47141af38fd407589f/be59e7df-f918-48de-9011-f0b87ed3e8fa_acc_180x180.png?h=1ad2417de6d2729d9f133a5772ebe68f
Optimite,Head of Design,"Unify, Elevate, Excel in team management & design analysis.",a month ago,Anywhere,https://mir-s3-cdn-cf.behance.net/7d932bdafc03fd47141af38fd407589f/be59e7df-f918-48de-9011-f0b87ed3e8fa_acc_180x180.png?h=1ad2417de6d2729d9f133a5772ebe68f
Afrodity Designs,Junior Visual/UI Designer,Junior Visual/UI Designer,a month ago,Anywhere,https://mir-s3-cdn-cf.behance.net/7d932bdafc03fd47141af38fd407589f/be59e7df-f918-48de-9011-f0b87ed3e8fa_acc_180x180.png?h=1ad2417de6d2729d9f133a5772ebe68f
vibes.band,Motion Designer,–ê–∫—Ç–∏–≤–Ω–æ (–æ—á–µ–Ω—å) –∏—â–µ–º –ú–æ—É—à–µ–Ω-–¥–∏–∑–∞–π–Ω–µ—Ä–∞ –≤ –¥—Ä—É–∂–Ω—É—é –∫–æ–º–∞–Ω–¥—É ‚≠êÔ∏è,a month ago,Anywhere,https://mir-s3-cdn-cf.behance.net/7d932bdafc03fd47141af38fd407589f/be59e7df-f918-48de-9011-f0b87ed3e8fa_acc_180x180.png?h=1ad2417de6d2729d9f133a5772ebe68f
Your MA,ŸÖÿ≥ÿ§ŸàŸÑ ŸÇÿ≥ŸÖ ÿßŸÑÿ™ÿµŸÖŸäŸÖ | Design Department Manager,ŸÇÿßÿ¶ÿØ ŸÖÿ®ÿ™ŸÉÿ± Ÿäÿ™ŸàŸÑŸâ ŸÖÿ≥ÿ§ŸàŸÑŸäÿ© ÿ•ÿØÿßÿ±ÿ© Ÿàÿ™ŸÜÿ∏ŸäŸÖ ŸÅÿ±ŸäŸÇ ÿßŸÑÿ™ÿµŸÖŸäŸÖ,a month ago,Anywhere,https://mir-s3-cdn-cf.behance.net/7d932bdafc03fd47141af38fd407589f/be59e7df-f918-48de-9011-f0b87ed3e8fa_acc_180x180.png?h=1ad2417de6d2729d9f133a5772ebe68f
Your MA,ŸÖÿµŸÖŸÖ ÿ¨ÿ±ÿßŸÅŸäŸÉÿ≥ | Graphic Designer,ŸÖÿ®ÿØÿπ ŸÖÿ≠ÿ™ÿ±ŸÅ ŸÖÿ≥ÿ§ŸàŸÑ ÿπŸÜ ÿ™ÿ≠ŸàŸäŸÑ ÿßŸÑÿ£ŸÅŸÉÿßÿ± ŸàÿßŸÑŸÖŸÅÿßŸáŸäŸÖ ÿ•ŸÑŸâ ÿ™ÿµÿßŸÖŸäŸÖ ÿ®ÿµÿ±Ÿäÿ©,a month ago,Anywhere,https://mir-s3-cdn-cf.behance.net/7d932bdafc03fd47141af38fd407589f/be59e7df-f918-48de-9011-f0b87ed3e8fa_acc_180x180.png?h=1ad2417de6d2729d9f133a5772ebe68f
RAY FITOUT & INTERIORS,UI/UX DESIGNER,We're looking for UI/UX designer,a month ago,Anywhere,https://mir-s3-cdn-cf.behance.net/7d932bdafc03fd47141af38fd407589f/be59e7df-f918-48de-9011-f0b87ed3e8fa_acc_180x180.png?h=1ad2417de6d2729d9f133a5772ebe68f
GENENSE,CGI Artist - INTERIOR RENDERING Specialization,We are looking for CGI Artists for Interior Rendering projects,a month ago,Anywhere,https://mir-s3-cdn-cf.behance.net/7d932bdafc03fd47141af38fd407589f/be59e7df-f918-48de-9011-f0b87ed3e8fa_acc_180x180.png?h=1ad2417de6d2729d9f133a5772ebe68f
GENENSE,3D Modeller - Product/Furniture,We are looking for 3D Modeller for furniture modeling projects,a month ago,Anywhere,https://mir-s3-cdn-cf.behance.net/7d932bdafc03fd47141af38fd407589f/be59e7df-f918-48de-9011-f0b87ed3e8fa_acc_180x180.png?h=1ad2417de6d2729d9f133a5772ebe68f
GENENSE,CGI Artist - 3D MOTION VIDEO Specialization,We are looking for CGI Artists for 3D Product Animation / Motion Video projects,a month ago,Anywhere,https://mir-s3-cdn-cf.behance.net/7d932bdafc03fd47141af38fd407589f/be59e7df-f918-48de-9011-f0b87ed3e8fa_acc_180x180.png?h=1ad2417de6d2729d9f133a5772ebe68f
NEXA Digital Web Design,Video Content Editor,Video Editor for producing high quality & engaging content for TikTok and Instagram reels,a month ago,Anywhere,https://mir-s3-cdn-cf.behance.net/7d932bdafc03fd47141af38fd407589f/be59e7df-f918-48de-9011-f0b87ed3e8fa_acc_180x180.png?h=1ad2417de6d2729d9f133a5772ebe68f
Sebastian Buckeridge,Motion Graphics Animated Explainer Video needed for multiple clients,We need a team of 2 or more: Motion graphics Animator and Illustrator,17 hours ago,Anywhere,https://mir-s3-cdn-cf.behance.net/7d932bdafc03fd47141af38fd407589f/be59e7df-f918-48de-9011-f0b87ed3e8fa_acc_180x180.png?h=1ad2417de6d2729d9f133a5772ebe68f
Sebastian Buckeridge,3D animation video for b2b clients,We are looking for 3d animation expert or team,20 days ago,Anywhere,https://mir-s3-cdn-cf.behance.net/7d932bdafc03fd47141af38fd407589f/be59e7df-f918-48de-9011-f0b87ed3e8fa_acc_180x180.png?h=1ad2417de6d2729d9f133a5772ebe68f
Gaanya Singh,Packaging designer,Looking for a Creative Packaging Designer to Bring Products to Life,23 days ago,Anywhere,https://mir-s3-cdn-cf.behance.net/7d932bdafc03fd47141af38fd407589f/be59e7df-f918-48de-9011-f0b87ed3e8fa_acc_180x180.png?h=1ad2417de6d2729d9f133a5772ebe68f
Gaanya Singh,Illustration designer,Seeking a Skilled Illustration Designer for Creative Collaborations,23 days ago,Anywhere,https://mir-s3-cdn-cf.behance.net/7d932bdafc03fd47141af38fd407589f/be59e7df-f918-48de-9011-f0b87ed3e8fa_acc_180x180.png?h=1ad2417de6d2729d9f133a5772ebe68f
Gaanya Singh,Graphic designer,Seeking a Talented Graphic Designer to Join Our Creative Journey,23 days ago,Anywhere,https://mir-s3-cdn-cf.behance.net/7d932bdafc03fd47141af38fd407589f/be59e7df-f918-48de-9011-f0b87ed3e8fa_acc_180x180.png?h=1ad2417de6d2729d9f133a5772ebe68f
Design Limelight,Graphic Design Internship,Looking for a Graphic Design Intern (with a never give up attitude),3 hours ago,Anywhere,https://mir-s3-cdn-cf.behance.net/7d932bdafc03fd47141af38fd407589f/be59e7df-f918-48de-9011-f0b87ed3e8fa_acc_180x180.png?h=1ad2417de6d2729d9f133a5772ebe68f
Daria Tepliakova,Graphic Designer (Gaming & iGaming) | Remote or Hybrid / Warsaw Office,We are looking for an experienced Graphic Designer,a day ago,Anywhere,https://mir-s3-cdn-cf.behance.net/7d932bdafc03fd47141af38fd407589f/be59e7df-f918-48de-9011-f0b87ed3e8fa_acc_180x180.png?h=1ad2417de6d2729d9f133a5772ebe68f
Anup Menon,Freelance Logo Designer,Seeking a Talented Logo Designer for a Stunning Brand Identity,3 days ago,Anywhere,https://mir-s3-cdn-cf.behance.net/7d932bdafc03fd47141af38fd407589f/be59e7df-f918-48de-9011-f0b87ed3e8fa_acc_180x180.png?h=1ad2417de6d2729d9f133a5772ebe68f
Dmitrii Alexandrovich,UX/UI designer in Web3 company,We are looking for an UX/UI designer with experince in Web3 or blockchain,7 days ago,Anywhere,https://mir-s3-cdn-cf.behance.net/7d932bdafc03fd47141af38fd407589f/be59e7df-f918-48de-9011-f0b87ed3e8fa_acc_180x180.png?h=1ad2417de6d2729d9f133a5772ebe68f
